id,start_date,name,distance,moving_time,type,average_heartrate,max_heartrate,average_speed,max_speed,total_elevation_gain,start_latlng,end_latlng,weather_icon,weather_summary,weather_temperature
594429897,2016-05-31T20:38:02Z,"Four Gorge",2.6,1557,Ride,,,6,17.2,38.4,"[37.38,-80.01]","[37.39,-79.99]",13,14,15
594622216,2016-05-31T21:13:04Z,"Tuck A Way",2.9,1457,Ride,,,7.3,19.2,20.7,"[37.39,-79.99]","[37.39,-79.99]",13,14,15
597517029,2016-06-03T21:04:59Z,"Mill Mt Priate Loop",8.2,4197,Ride,,,7.1,32.2,86.3,"[37.25,-79.95]","[37.25,-79.95]",13,14,15
601001849,2016-06-06T21:34:32Z,"Monday Night Ride ",7.1,4308,Ride,,,5.9,27.7,105.6,"[37.25,-79.95]","[37.25,-79.95]",13,14,15
602082575,2016-06-07T19:35:13Z,"Death Cove",9.3,6033,Ride,,,5.6,26.2,132.7,"[37.39,-80.01]","[37.38,-80.01]",13,14,15
605237402,2016-06-10T20:36:54Z,"Wrong turn, sure rise greenway run",11.5,4527,Ride,,,9.1,40,82.7,"[37.26,-79.94]","[37.25,-79.95]",13,14,15
611440102,2016-06-16T20:28:55Z,"Greenway Pump",12.3,3394,Ride,,,13.1,43.8,25.4,"[37.26,-79.91]","[37.26,-79.91]",13,14,15
615410858,2016-06-20T18:18:02Z,"I don't like low psi ",7.7,4192,Ride,,,6.6,24.6,85.6,"[37.38,-80.01]","[37.38,-80.01]",13,14,15
615593344,2016-06-20T21:46:57Z,"Monday Night Ride",8.3,4158,Ride,,,7.2,40.3,82.2,"[37.26,-79.94]","[37.25,-79.95]",13,14,15
622974867,2016-06-27T21:50:31Z,"Chestnut loop ",6.4,3645,Ride,,,6.4,25.3,87.3,"[37.25,-79.95]","[37.25,-79.95]",13,14,15
625941980,2016-06-30T17:57:46Z,"Tyler's derailleur is screwed",9.8,5019,Ride,,,7,42.7,102.9,"[37.26,-79.95]","[37.26,-79.95]",13,14,15
628006037,2016-07-02T20:32:04Z,"Tyler's derailleur is still fucked",10.8,5167,Ride,,,7.5,36,108.3,"[37.26,-79.95]","[37.25,-79.95]",13,14,15
632574329,2016-07-06T22:27:11Z,"The Stache Club",8.2,3429,Ride,,,8.6,32.7,79.2,"[37.26,-79.94]","[37.26,-79.95]",13,14,15
639141534,2016-07-12T22:33:24Z,"Sailors Delight ",10.8,5849,Ride,,,6.6,23.7,139.1,"[37.38,-80.01]","[37.38,-80.01]",13,14,15
642143157,2016-07-15T22:39:20Z,"French Friday ",9.8,4197,Ride,,,8.4,36.2,102,"[37.26,-79.95]","[37.26,-79.95]",13,14,15
643217294,2016-07-16T20:10:50Z,"So much pushing call it enduro ",8.7,5133,Ride,,,6.1,26.4,111,"[37.38,-80.01]","[37.38,-80.01]",13,14,15
645604152,2016-07-18T21:27:31Z,"My shoes have disintegrated",8.8,5075,Ride,,,6.2,26.8,100.6,"[37.26,-79.94]","[37.25,-79.95]",13,14,15
646714397,2016-07-19T19:25:35Z,"Sidewinder up and down ",12.2,5755,Ride,,,7.6,35.3,130,"[37.26,-79.95]","[37.25,-79.95]",13,14,15
650028490,2016-07-22T21:45:35Z,"Rivers edge has 2 pokestops",11.5,5359,Ride,,,7.7,22.8,133.4,"[37.26,-79.94]","[37.25,-79.94]",13,14,15
651191395,2016-07-23T22:43:09Z,"Bottleneck, no literally, my bottle broke",8.3,3445,Ride,,,8.7,27.5,77.8,"[37.25,-79.94]","[37.26,-79.94]",13,14,15
653539574,2016-07-25T21:58:38Z,"Chestnut loop",9.2,4834,Ride,,,6.8,27.3,109.8,"[37.26,-79.95]","[37.25,-79.95]",13,14,15
654717536,2016-07-26T22:08:05Z,"There and back again",12.2,6157,Ride,,,7.1,35.1,143.8,"[37.25,-79.94]","[37.26,-79.94]",13,14,15
657824807,2016-07-29T20:33:38Z,"Classic Kyle Inman ",9.5,4695,Ride,,,7.3,22.4,75.6,"[37.25,-79.94]","[37.25,-79.95]",13,14,15
658943293,2016-07-30T19:10:24Z,"Homeplace prep",9.2,4428,Ride,,,7.5,52.8,115,"[37.26,-79.94]","[37.26,-79.94]",13,14,15
659884039,2016-07-31T14:13:40Z,"Trek 8000 26"" with pads in the rear",14.9,9752,Ride,,,5.5,20.8,127.9,"[37.66,-79.86]","[37.66,-79.86]",13,14,15
661402492,2016-08-01T21:38:30Z,"I kinda like the 26",7.6,3930,Ride,,,7,36.2,67,"[37.26,-79.94]","[37.25,-79.95]",13,14,15
664824999,2016-08-04T21:40:55Z,"Chestnut half ",8.6,4185,Ride,,,7.4,23.9,118.9,"[37.26,-79.94]","[37.25,-79.95]",13,14,15
668314834,2016-08-07T19:19:52Z,"The Stache will rise again ",15.9,6684,Ride,,,8.5,36.7,175.8,"[37.26,-79.95]","[37.26,-79.95]",13,14,15
669429317,2016-08-08T21:28:01Z,"Chestnut loop",10.4,4531,Ride,,,8.3,37.1,107.7,"[37.26,-79.94]","[37.25,-79.95]",13,14,15
670721709,2016-08-09T20:40:21Z,"I fought the cove and the cove won",16.9,12000,Ride,,,5.1,21.5,211.7,"[37.38,-80.01]","[37.38,-80.01]",13,14,15
681971364,2016-08-17T20:53:20Z,"Bought a niner frame and rock shox fork",6.5,3435,Ride,,,6.8,23.9,57.8,"[37.38,-80.01]","[37.38,-80.01]",13,14,15
682020300,2016-08-19T21:13:17Z,"Hard coded, no loops ",10.4,4785,Ride,,,7.8,32.4,134.4,"[37.3,-79.9]","[37.26,-79.94]",13,14,15
685474816,2016-08-22T21:22:27Z,"Monday Night Ride ",9.6,5699,Ride,,,6,31.5,110.4,"[37.25,-79.95]","[37.25,-79.95]",13,14,15
688940901,2016-08-25T18:48:57Z,"Prospect Road Ramble ",9.1,4319,Ride,,,7.6,28.4,121,"[37.26,-79.95]","[37.26,-79.95]",13,14,15
690099890,2016-08-26T21:32:20Z,"Hot hot hotter than hell",7.5,3810,Ride,,,7.1,27.1,84.5,"[37.26,-79.95]","[37.25,-79.95]",13,14,15
693747959,2016-08-29T21:46:13Z,"Sethys first ride ",7.9,3955,Ride,,,7.1,26.4,101.3,"[37.26,-79.95]","[37.25,-79.95]",13,14,15
696017026,2016-08-31T17:45:40Z,"Creature Loop #1",15.8,6724,Ride,,,8.5,26.6,117.6,"[37.38,-79.95]","[37.38,-79.95]",13,14,15
697246257,2016-09-01T20:10:00Z,"Creature Loop #2 fuck stravas interface",15.8,5400,Ride,,,10.5,0,0,,,13,14,15
698065186,2016-09-02T16:05:47Z,"Lunch Vacation Chestnut Loop",9.9,4678,Ride,,,7.7,27.1,109.1,"[37.25,-79.95]","[37.25,-79.95]",13,14,15
700636526,2016-09-03T21:56:35Z,"Late night ride to Kens ",3.5,1241,Ride,,,10,19.2,0,"[36.09,-75.7]","[36.05,-75.69]",13,14,15
700748978,2016-09-04T18:22:57Z,"Cheerwine Quest 2016",14.1,4335,Ride,,,11.7,21,0,"[36.09,-75.7]","[36.09,-75.7]",13,14,15
701756118,2016-09-05T18:22:00Z,"There's always a way to engineer something",7.3,2483,Ride,,,10.6,21.5,0,"[36.09,-75.7]","[36.09,-75.7]",13,14,15
701922255,2016-09-05T20:42:16Z,"Interview prep on Labor Day lol",3.8,1323,Ride,,,10.3,24.2,0,"[36.09,-75.7]","[36.09,-75.7]",13,14,15
702978764,2016-09-06T18:46:20Z,"Took greenways all the way to Duck",18,5325,Ride,,,12.2,23.5,5.7,"[36.09,-75.7]","[36.1,-75.71]",13,14,15
704282952,2016-09-07T21:21:43Z,"Recorded on a device with a headphone jack",11.1,3067,Ride,,,13,17.9,0,"[36.09,-75.7]","[36.09,-75.7]",13,14,15
705400724,2016-09-08T21:15:29Z,"Highway 12 neighborhood loop",9.2,2468,Ride,,,13.5,17.9,0,"[36.09,-75.7]","[36.09,-75.7]",13,14,15
709077072,2016-09-11T17:19:03Z,"Blue Ridge Bike Club party ",9.9,6327,Ride,,,5.7,20.1,110.5,"[37.24,-79.85]","[37.24,-79.85]",13,14,15
710219144,2016-09-12T21:14:48Z,"Monday night ride ",9.9,5282,Ride,,,6.8,30,110.8,"[37.26,-79.95]","[37.25,-79.95]",13,14,15
712502756,2016-09-14T19:29:43Z,"Creature Loop #3",15.6,6042,Ride,,,9.3,26.8,110.8,"[37.38,-79.95]","[37.38,-79.95]",13,14,15
713726976,2016-09-15T21:46:51Z,"Go Cross and mini ride until dad flatted ",12.8,4703,Ride,,,9.8,30.6,63.4,"[37.28,-79.91]","[37.28,-79.91]",13,14,15
714652670,2016-09-16T21:02:06Z,fRIDEday,9.7,4572,Ride,,,7.6,23.9,97.8,"[37.26,-79.94]","[37.25,-79.95]",13,14,15
717027492,2016-09-18T14:58:26Z,"Steve Johnson loop ",15.3,7741,Ride,,,7.1,23.3,136.3,"[37.66,-79.86]","[37.66,-79.86]",13,14,15
718239165,2016-09-19T21:32:40Z,"Chestnut Loop",7.3,3764,Ride,,,7,26.2,86.7,"[37.26,-79.94]","[37.25,-79.95]",13,14,15
720453527,2016-09-21T19:52:04Z,"Creature Loop abridged (flat tire)",15.4,5575,Ride,,,9.9,29.1,98,"[37.38,-79.95]","[37.38,-79.95]",13,14,15
722553896,2016-09-23T21:26:22Z,"Testing out the FoePro footage coming soon! ",6.3,3461,Ride,,,6.6,27.3,80.4,"[37.26,-79.94]","[37.25,-79.95]",13,14,15
723816560,2016-09-24T18:10:24Z,"Creature Loop and yet another flat",18.2,7249,Ride,,,9,29.5,131,"[37.38,-79.95]","[37.38,-79.95]",13,14,15
726118767,2016-09-26T21:36:23Z,"Chestnut Loop",7.9,3638,Ride,,,7.8,25.9,89.1,"[37.26,-79.95]","[37.25,-79.95]",13,14,15
728054505,2016-09-28T16:36:47Z,"I was told there would be rain",12.3,4850,Ride,,,9.2,34.9,139,"[37.26,-79.95]","[37.26,-79.95]",13,14,15
731222935,2016-10-01T18:48:37Z,"Creature Loop, washed the hell out",15.8,6408,Ride,,,8.9,25.3,116.3,"[37.38,-79.95]","[37.38,-79.95]",13,14,15
732626029,2016-10-02T15:05:43Z,"Crasher from Carvins cove ",15.6,6187,Ride,,,9.1,31.5,114.3,"[37.39,-79.95]","[37.39,-79.95]",13,14,15
735638974,2016-10-05T19:45:12Z,"Cleaner from Carvins Cove ",11.9,6408,Ride,,,6.7,22.8,149.2,"[37.38,-80.01]","[37.38,-80.01]",13,14,15
736693801,2016-10-06T21:12:12Z,"Dody Ridge ",8.9,6172,Ride,,,5.2,20.6,137.4,"[37.41,-79.75]","[37.41,-79.75]",13,14,15
739863682,2016-10-09T18:23:23Z,"Rock N Rattle",16.9,7258,Ride,,,8.4,23.9,133.5,"[37.38,-80.01]","[37.38,-80.01]",13,14,15
740893239,2016-10-10T21:20:49Z,"Dads broke down ",8.5,4830,Ride,,,6.3,21.3,97.3,"[37.26,-79.94]","[37.25,-79.95]",13,14,15
741867624,2016-10-11T20:58:07Z,"9.9 On a Niner ",10.1,4126,Ride,,,8.8,32.2,111.4,"[37.26,-79.95]","[37.26,-79.94]",13,14,15
743839051,2016-10-13T20:26:08Z,"Cab Calloway ",12.5,6301,Ride,,,7.1,25.3,161.4,"[37.38,-80.01]","[37.38,-80.01]",13,14,15
744675964,2016-10-14T20:51:34Z,"GO Fest",7.5,4058,Ride,,,6.7,28,77.4,"[37.26,-79.94]","[37.25,-79.94]",13,14,15
745611746,2016-10-15T16:08:11Z,"Trek Remedy 9.8 ",7.3,3329,Ride,,,7.9,23.3,93.1,"[37.26,-79.95]","[37.25,-79.95]",13,14,15
745695132,2016-10-15T17:28:06Z,"Trek Fuel EX 9.8",10.4,4224,Ride,,,8.8,33.1,118.3,"[37.26,-79.94]","[37.25,-79.95]",13,14,15
748059514,2016-10-17T21:26:46Z,"Monday Night Ride",8,4649,Ride,,,6.2,28.6,100.8,"[37.26,-79.94]","[37.25,-79.95]",13,14,15
749034959,2016-10-18T21:45:40Z,"Forgot my light ",6.8,3280,Ride,,,7.4,29.8,119,"[37.26,-79.93]","[37.25,-79.92]",13,14,15
750870934,2016-10-20T18:32:59Z,"Minnie the Moocher ",10.2,5150,Ride,,,7.2,23,144.8,"[37.38,-80.01]","[37.38,-80.01]",13,14,15
751796629,2016-10-21T20:52:32Z,"Chestnut Loop ",10.7,5192,Ride,,,7.4,23.7,108.3,"[37.26,-79.94]","[37.25,-79.95]",13,14,15
752727021,2016-10-22T14:57:21Z,"Narrowback Mountain Loop",20.8,11211,Ride,,,6.7,26.8,229,"[38.37,-79.16]","[38.37,-79.16]",13,14,15
755008525,2016-10-24T21:26:33Z,"Monday Night Ride ",9,4551,Ride,,,7.1,22.6,103.2,"[37.26,-79.94]","[37.25,-79.95]",13,14,15
756948105,2016-10-26T20:59:32Z,"Got a pregame view of the cubs if you know what I mean. ",10.7,4842,Ride,,,8,23.3,136,"[37.38,-80.01]","[37.38,-80.01]",13,14,15
757877158,2016-10-27T20:50:13Z,"RaceFace crank lets us down again!",9.4,4140,Ride,,,8.2,27.1,92,"[37.26,-79.95]","[37.25,-79.95]",13,14,15
758706924,2016-10-28T21:05:43Z,"Tuning the SID",10.8,4268,Ride,,,9.1,30.9,118.4,"[37.26,-79.94]","[37.26,-79.94]",13,14,15
759714280,2016-10-29T14:36:21Z,"Longdale Furnace ",18.1,11869,Ride,,,5.5,32.2,305.9,"[37.79,-79.7]","[37.79,-79.7]",13,14,15
764166817,2016-11-02T21:04:11Z,"Candlers Mountain Recon",9.1,5732,Ride,,,5.7,24.2,176.3,"[37.35,-79.17]","[37.35,-79.17]",13,14,15
767057740,2016-11-05T21:38:06Z,Maverick,14,5621,Ride,,,8.9,37.4,153.7,"[37.26,-79.95]","[37.26,-79.94]",13,14,15
768194915,2016-11-06T17:30:31Z,"Sunday Funday ",17.4,8720,Ride,,,7.2,23.3,233.2,"[37.38,-80.01]","[37.38,-80.01]",13,14,15
769196286,2016-11-07T22:31:19Z,"Black Monday",9.4,4991,Ride,,,6.8,22.6,93.6,"[37.26,-79.94]","[37.25,-79.95]",13,14,15
770953457,2016-11-09T21:28:55Z,"Recon Report: Pirate Trails ",8.2,5224,Ride,,,5.6,22.8,100,"[37.35,-79.17]","[37.35,-79.17]",13,14,15
772662248,2016-11-11T21:16:42Z,"Found my long lost bike ",9.5,5675,Ride,,,6,20.8,129.1,"[37.35,-79.17]","[37.35,-79.17]",13,14,15
773628085,2016-11-12T20:49:53Z,"Roanoke riding > Lynchburg riding ",10.6,4532,Ride,,,8.4,30.6,137.3,"[37.26,-79.94]","[37.26,-79.94]",13,14,15
774713834,2016-11-13T16:16:27Z,"I now know why they call it Fall",18.2,9980,Ride,,,6.6,24.6,273.2,"[37.41,-79.8]","[37.47,-79.7]",13,14,15
775709178,2016-11-14T22:37:03Z,"Super moon. Super clouds.",9.8,5040,Ride,,,7,20.4,105.6,"[37.26,-79.94]","[37.25,-79.95]",13,14,15
777590503,2016-11-16T22:05:16Z,"Imagine if they actually did trail work instead of building this dumb shit",7.2,4969,Ride,,,5.2,21.3,139.8,"[37.35,-79.17]","[37.35,-79.17]",13,14,15
779213654,2016-11-18T22:04:58Z,"The crank strikes again! ",2.3,998,Ride,,,8.2,26.6,17.7,"[37.26,-79.94]","[37.25,-79.95]",13,14,15
780104160,2016-11-19T15:04:44Z,"Kens Birthday ",22.2,11853,Ride,,,6.8,27.1,329.9,"[37.44,-79.79]","[37.44,-79.79]",13,14,15
783786191,2016-11-23T19:21:39Z,"Basic Dody",9,5547,Ride,,,5.8,21.3,149.8,"[37.41,-79.75]","[37.41,-79.75]",13,14,15
786417122,2016-11-26T19:30:11Z,"Quick Mill Mt. rip",10,4501,Ride,,,8,26.2,99.9,"[37.26,-79.95]","[37.25,-79.95]",13,14,15
787476816,2016-11-27T18:22:42Z,"Up trough down the gauntlet ",8.3,4794,Ride,,,6.2,23.9,123.1,"[37.36,-79.99]","[37.36,-79.99]",13,14,15
788441293,2016-11-28T22:32:49Z,"Chestnut Loop",9.7,4495,Ride,,,7.8,28,108.4,"[37.26,-79.95]","[37.25,-79.95]",13,14,15
791786677,2016-12-02T21:53:41Z,"Chestnut Loop ",7.9,4197,Ride,,,6.8,26.4,81.7,"[37.26,-79.95]","[37.25,-79.95]",13,14,15
796430051,2016-12-07T22:08:46Z,"Those skies are gonna clear up, put on your Blackhorse face",4.8,2906,Ride,,,6,18.8,111,"[37.41,-79.75]","[37.41,-79.75]",13,14,15
804887231,2016-12-17T21:45:05Z,"Quick Mill Mt Rip",9.5,3793,Ride,,,9,33.8,111.4,"[37.26,-79.94]","[37.26,-79.94]",13,14,15
807449359,2016-12-20T21:48:49Z,"25 Degrees",6.4,3749,Ride,,,6.2,15.9,40.1,"[37.38,-79.71]","[37.38,-79.71]",13,14,15
808971173,2016-12-22T20:02:23Z,"Big Burlays Revenge",9.2,4180,Ride,,,7.9,22.8,99.9,"[37.26,-79.95]","[37.25,-79.95]",13,14,15
813260879,2016-12-27T21:53:17Z,"Barely beat the sunset ",8.7,3839,Ride,,,8.1,25.1,127.5,"[37.41,-79.75]","[37.41,-79.75]",13,14,15
818084736,2017-01-01T16:22:00Z,"First ride of 2017",21.9,11020,Ride,,,7.1,27.3,220.7,"[37.38,-79.95]","[37.38,-79.95]",13,14,15
820353711,2017-01-03T21:52:48Z,"Fog Machine",8.7,3893,Ride,,,8,23.9,127.6,"[37.41,-79.75]","[37.41,-79.75]",13,14,15
830966023,2017-01-13T22:29:44Z,"Freeing rain?",7.4,3578,Ride,,,7.4,21.9,89.2,"[37.26,-79.95]","[37.25,-79.95]",13,14,15
833271440,2017-01-15T16:01:07Z,Gravelocity,31.2,10499,Ride,,,10.7,30,275.3,"[37.45,-79.89]","[37.45,-79.89]",13,14,15
835511486,2017-01-17T21:52:04Z,"I am Lando Calrissian",8.7,3670,Ride,,,8.5,26.4,127.6,"[37.41,-79.75]","[37.41,-79.75]",13,14,15
836630377,2017-01-18T22:03:14Z,"Wild boar on woodthrush",11.3,4775,Ride,,,8.5,22.4,113.1,"[37.26,-79.94]","[37.25,-79.95]",13,14,15
839721941,2017-01-21T19:38:44Z,"Quick cove rip",10.6,4665,Ride,,,8.2,23.5,120.3,"[37.38,-80.01]","[37.38,-80.01]",13,14,15
844327471,2017-01-25T22:15:36Z,"How do you get yo salt pond road legally?",3.6,1233,Ride,,,10.4,30,30.3,"[37.38,-79.8]","[37.38,-79.8]",13,14,15
847525940,2017-01-28T21:21:44Z,"I guess you could call him Rocky Racoon",12.7,5244,Ride,,,8.7,21.7,99.4,"[37.38,-80.01]","[37.38,-80.01]",13,14,15
851041833,2017-01-31T21:21:55Z,"Confirmed pond. Frozen. No Salt",12.4,5934,Ride,,,7.5,26.2,162.8,"[37.41,-79.82]","[37.41,-79.82]",13,14,15
854159934,2017-02-03T21:48:40Z,"The new VA pines trail will be the death of me ",10.9,4342,Ride,,,9,25.7,117.2,"[37.26,-79.95]","[37.26,-79.94]",13,14,15
857759669,2017-02-06T22:28:45Z,"Chestnut loop",11,5302,Ride,,,7.5,26.6,92.9,"[37.26,-79.94]","[37.25,-79.95]",13,14,15
859951985,2017-02-08T21:53:00Z,"Blackhorse Boogie",8.9,3515,Ride,,,9.1,26.6,127.7,"[37.41,-79.75]","[37.41,-79.75]",13,14,15
863053114,2017-02-11T19:49:24Z,"Seventy in February ",11.6,4565,Ride,,,9.2,27.3,121.7,"[37.26,-79.95]","[37.26,-79.94]",13,14,15
864408022,2017-02-12T19:15:10Z,"Siri wouldn't shut up",14.2,6430,Ride,,,7.9,24.4,178.5,"[37.36,-79.99]","[37.36,-79.99]",13,14,15
865546315,2017-02-13T22:26:40Z,"Monday night ride ",9.9,4888,Ride,,,7.3,24.4,109.6,"[37.26,-79.95]","[37.25,-79.95]",13,14,15
871256093,2017-02-18T19:05:29Z,"Spec Mines ",14.4,7266,Ride,,,7.1,28.4,170.9,"[37.41,-79.81]","[37.42,-79.76]",13,14,15
872807143,2017-02-19T19:09:01Z,"Well boys, we stole another weekend ",18.7,7793,Ride,,,8.6,25.7,198.1,"[37.38,-80.01]","[37.38,-80.01]",13,14,15
873940367,2017-02-20T22:21:08Z,"Got sick",2.7,1016,Ride,,,9.5,45,15.1,"[37.41,-79.82]","[37.4,-79.83]",13,14,15
879613332,2017-02-25T19:37:09Z,"Your tires are the only thing you may put on the trail.",18.3,7392,Ride,,,8.9,25.5,200.8,"[37.26,-79.95]","[37.26,-79.95]",13,14,15
881034288,2017-02-26T19:27:25Z,"Took a stroll up Clownhead ",12,5800,Ride,,,7.4,23.9,163.3,"[37.36,-79.99]","[37.36,-79.99]",13,14,15
887801535,2017-03-04T19:45:13Z,"Explore Park",9.5,5383,Ride,,,6.4,21.5,96,"[37.24,-79.85]","[37.24,-79.85]",13,14,15
889314069,2017-03-05T19:16:09Z,"Showing Cory the Cove",11.7,6177,Ride,,,6.8,24.4,111.1,"[37.36,-79.99]","[37.36,-79.99]",13,14,15
890448525,2017-03-06T22:27:35Z,"Monday night ride ",10,5011,Ride,,,7.2,25.5,113.8,"[37.26,-79.94]","[37.25,-79.95]",13,14,15
892792367,2017-03-08T22:36:07Z,"Took my black horse up Blackhorse",8.6,3323,Ride,,,9.4,25.5,127.6,"[37.41,-79.75]","[37.41,-79.75]",13,14,15
896470866,2017-03-11T20:50:57Z,"Greenway ",10.1,3683,Ride,,,9.9,21.3,16,"[37.26,-79.95]","[37.26,-79.94]",13,14,15
897986368,2017-03-12T16:50:45Z,"Dody Ridge ",16.1,7604,Ride,,,7.6,23.3,212.4,"[37.41,-79.75]","[37.41,-79.75]",13,14,15
905317207,2017-03-18T18:48:27Z,"Timberview Tango ",16,6935,Ride,,,8.3,24.8,196.9,"[37.36,-79.99]","[37.36,-79.99]",13,14,15
906972750,2017-03-19T19:50:42Z,"Took the Turner out with my new DB Air",18.4,8178,Ride,,,8.1,25.3,206.7,"[37.38,-80.02]","[37.38,-80.01]",13,14,15
908130701,2017-03-20T21:31:42Z,"1st ride of spring ",9.5,4557,Ride,,,7.5,27.3,119.8,"[37.26,-79.95]","[37.25,-79.95]",13,14,15
912953846,2017-03-24T20:50:16Z,"I legit found a Washburn guitar by the side of the trail ",8.7,3794,Ride,,,8.3,30.9,104,"[37.26,-79.95]","[37.26,-79.94]",13,14,15
914411345,2017-03-25T20:56:25Z,"The Niner just really did not want to ride today ",8.5,3130,Ride,,,9.8,29.1,76.6,"[37.26,-79.95]","[37.26,-79.94]",13,14,15
915748462,2017-03-26T15:35:16Z,"Dody Ridge ",12.5,6621,Ride,,,6.8,27.5,202.4,"[37.41,-79.75]","[37.41,-79.75]",13,14,15
917288594,2017-03-27T21:31:22Z,"Monday night ride ",8.2,3700,Ride,,,8,23,95.1,"[37.26,-79.95]","[37.25,-79.95]",13,14,15
923790854,2017-04-01T17:48:54Z,"Did not find Sasquatch riding a mountain lion ",16.5,5717,Ride,,,10.4,29.5,132.5,"[37.27,-79.94]","[37.27,-79.94]",13,14,15
925744774,2017-04-02T18:51:14Z,Arcadia,17.2,8827,Ride,,,7,27.3,249.8,"[37.55,-79.62]","[37.55,-79.62]",13,14,15
931159365,2017-04-06T21:43:58Z,"Showed Christian mill",8.4,3824,Ride,,,7.9,24.6,89.9,"[37.26,-79.95]","[37.25,-79.95]",13,14,15
933591159,2017-04-08T17:54:45Z,"Bikes > Cars",12.3,4040,Ride,,,10.9,36.5,99.2,"[37.27,-79.94]","[37.28,-79.92]",13,14,15
935471262,2017-04-09T14:12:25Z,"The Culls meet The VES ",23.4,14141,Ride,,,6,29.3,389.1,"[37.51,-79.52]","[37.51,-79.52]",13,14,15
943923822,2017-04-15T20:54:01Z,"Quick Mill Mt. Rip ",11.7,4510,Ride,,,9.4,27.1,130,"[37.26,-79.91]","[37.26,-79.91]",13,14,15
945296986,2017-04-16T18:16:23Z,"The Gauntlet did not make my creaks go away ",15.7,7220,Ride,,,7.8,25.9,196.8,"[37.36,-79.99]","[37.36,-79.99]",13,14,15
952127384,2017-04-21T21:04:42Z,"Turner Sultan. Maiden Voyage. Dody Ridge. ",8.6,4122,Ride,,,7.5,26.8,149.7,"[37.41,-79.75]","[37.41,-79.75]",13,14,15
959494263,2017-04-26T20:55:13Z,"Poor trail design",8.9,5355,Ride,,,6,25.5,127.5,"[37.35,-79.17]","[37.35,-79.17]",13,14,15
960836935,2017-04-27T22:18:00Z,"Chestnut loop with Christian ",9.5,3864,Ride,,,8.8,28,92.8,"[37.26,-79.94]","[37.25,-79.95]",13,14,15
968284902,2017-05-02T22:01:33Z,"Turner tango ",10.6,3799,Ride,,,10,25.5,107.7,"[37.26,-79.94]","[37.26,-79.94]",13,14,15
977382454,2017-05-08T21:44:42Z,"Monday night surfing",9.1,4283,Ride,,,7.6,28.4,112.8,"[37.26,-79.95]","[37.25,-79.95]",13,14,15
981997083,2017-05-11T21:47:35Z,"Tiny Ride before the storm",2.9,1050,Ride,,,9.8,23.7,46.4,"[37.33,-79.9]","[37.33,-79.9]",13,14,15
984972128,2017-05-13T23:20:45Z,"Down to the Dunton's ",2.1,672,Ride,,,11.2,30.2,0,"[37.33,-79.9]","[37.32,-79.88]",13,14,15
986725085,2017-05-14T19:38:19Z,"Cove with Christ",13.2,6727,Ride,,,7.1,32.9,143.7,"[37.35,-80]","[37.36,-79.99]",13,14,15
988141934,2017-05-15T21:19:54Z,"Monday night ride ",10.7,5145,Ride,,,7.5,28,129.8,"[37.28,-79.92]","[37.25,-79.95]",13,14,15
1002677042,2017-05-23T22:20:27Z,"This greenway is huge ",14.5,3946,Ride,,,13.2,29.3,46.5,"[36.17,-86.76]","[36.18,-86.76]",13,14,15
1005345297,2017-05-25T17:17:38Z,"Quick run down main ",3,1191,Ride,,,9.1,19.7,4.8,"[36.17,-86.76]","[36.17,-86.76]",13,14,15
1008616918,2017-05-27T17:46:12Z,"Down to the pub with Jeff ",1.3,1038,Ride,,,4.6,21.5,3.4,"[36.17,-86.76]","[36.17,-86.76]",13,14,15
1008712209,2017-05-27T20:18:30Z,"Am I cross enough bro? ",18.4,4686,Ride,,,14.1,26.8,76.7,"[36.17,-86.76]","[36.17,-86.76]",13,14,15
1010651850,2017-05-28T22:19:20Z,"Poached Edwin Warner I guess? ",9.3,3662,Ride,,,9.1,26.4,95.4,"[36.06,-86.91]","[36.06,-86.91]",13,14,15
1016874894,2017-06-01T23:23:41Z,"Shelby Sprints ",19,4524,Ride,,,15.1,47.6,72.1,"[36.17,-86.76]","[36.17,-86.76]",13,14,15
1026030746,2017-06-07T21:42:33Z,"Poachin across state lines ",14.8,6387,Ride,,,8.4,30,152.5,"[36.08,-86.89]","[36.08,-86.89]",13,14,15
1042892016,2017-06-18T14:20:33Z,"Laps at the abandoned airfield ",21.4,5254,Ride,,,14.7,27.3,47.5,"[36.17,-86.76]","[36.17,-86.76]",13,14,15
1054285590,2017-06-25T20:56:26Z,"All the way to the collapsed bridge ",17.2,4232,Ride,,,14.6,26.6,80.3,"[36.17,-86.76]","[36.17,-86.76]",13,14,15
1057405058,2017-06-27T22:44:12Z,"Literally raced a hawk ",17,4133,Ride,,,14.8,26.4,50.6,"[36.17,-86.76]","[36.17,-86.76]",13,14,15
1063069738,2017-07-01T22:11:41Z,‚ùì,16,3816,Ride,,,15.1,23.9,50.4,"[36.17,-86.76]","[36.17,-86.76]",13,14,15
1064638119,2017-07-02T17:08:27Z,"Got my thousand ",28.3,7254,Ride,,,14,32.4,131.9,"[36.05,-86.73]","[36.17,-86.76]",13,14,15
1069683881,2017-07-05T22:40:09Z,"Come on east nasty, how you gonna let me poach on greenways? ",20.5,4554,Ride,,,16.2,28.6,55.8,"[36.17,-86.76]","[36.17,-86.76]",13,14,15
1071296477,2017-07-06T23:52:22Z,"Greatest Of All Time ",16.2,3832,Ride,,,15.2,26.4,51,"[36.17,-86.76]","[36.17,-86.76]",13,14,15
1074208837,2017-07-08T19:06:35Z,"My website is still broken",3.7,1271,Ride,,,10.4,23,19.3,"[36.17,-86.76]","[36.17,-86.76]",13,14,15
1077600508,2017-07-10T23:29:07Z,"Not enough climbing üñïüèΩ",7.9,3838,Ride,,,7.4,19,59.7,"[36.1,-86.62]","[36.1,-86.62]",13,14,15
1079213140,2017-07-11T23:54:40Z,"Is it still a KOM if there are no mountains? ",23.3,5323,Ride,,,15.7,33.3,119.2,"[36.17,-86.76]","[36.17,-86.76]",13,14,15
1088828718,2017-07-18T00:06:22Z,"Doin the dam thing ",28.5,6543,Ride,,,15.7,31.1,121.7,"[36.17,-86.76]","[36.17,-86.76]",13,14,15
1098587161,2017-07-23T22:44:37Z,"That was slippery ",8.4,3993,Ride,,,7.6,24.6,43,"[36.09,-86.87]","[36.08,-86.87]",13,14,15
1101595815,2017-07-25T22:18:35Z,"Bald tire =\= racing tire ",7.8,2671,Ride,,,10.5,26.2,75,"[36.08,-86.87]","[36.08,-86.87]",13,14,15
1116168136,2017-08-03T23:00:42Z,"Nashville should build some more trails given the amount of people out here ",7.1,3175,Ride,,,8.1,20.6,40.4,"[36.08,-86.87]","[36.08,-86.87]",13,14,15
1120822479,2017-08-06T18:02:08Z,"Shelby Sunday",21.4,4929,Ride,,,15.6,29.5,93,"[36.17,-86.76]","[36.17,-86.76]",13,14,15
1124250706,2017-08-08T22:33:10Z,"Ravenwood this time ",21.8,5631,Ride,,,13.9,32.4,107,"[36.17,-86.76]","[36.17,-86.76]",13,14,15
1130406739,2017-08-12T19:44:09Z,"Flatted right as I pulled into the garage",19.8,4825,Ride,,,14.8,28,56.5,"[36.17,-86.76]","[36.17,-86.76]",13,14,15
1143948149,2017-08-20T19:42:46Z,DAM.,30.7,7572,Ride,,,14.6,30.9,134.4,"[36.17,-86.76]","[36.17,-86.76]",13,14,15
1167062939,2017-09-03T19:38:35Z,"Down to the bait store",6.7,2926,Ride,,,8.3,28.6,1.6,"[36.09,-75.7]","[36.09,-75.7]",13,14,15
1170147554,2017-09-05T19:32:50Z,"No elevation. Lots of wind.",12.6,3482,Ride,,,13.1,22.6,1.7,"[36.09,-75.7]","[36.09,-75.7]",13,14,15
1171767998,2017-09-06T17:39:24Z,"Interstate pocahin",16.4,5513,Ride,,,10.7,23.9,9.7,"[36.09,-75.7]","[36.09,-75.7]",13,14,15
1172968954,2017-09-07T16:55:16Z,"Rise and Nine ",13.7,3177,Ride,,,15.5,22.4,1.7,"[36.09,-75.7]","[36.09,-75.7]",13,14,15
1178049863,2017-09-10T16:32:53Z,"Still got blackhorse ",9.2,5293,Ride,,,6.3,26.2,152,"[37.41,-79.75]","[37.41,-79.75]",13,14,15
1184433650,2017-09-14T23:54:12Z,"Couldn't make it tubeless, but rode anyway ",18.3,3915,Ride,,,16.8,32.2,44.5,"[36.17,-86.76]","[36.17,-86.76]",13,14,15
1186982334,2017-09-16T16:11:35Z,"Hamilton Creek: solid 3/10 ",10.4,6013,Ride,,,6.2,17.2,78.6,"[36.1,-86.62]","[36.1,-86.62]",13,14,15
1193844380,2017-09-20T23:23:30Z,"PSA: go by Stans psi spec not the tires psi. Blowout. ",3,1147,Ride,,,9.4,22.4,18,"[36.17,-86.76]","[36.17,-86.76]",13,14,15
1195350649,2017-09-21T22:26:04Z,"Please be 1000ft ",12.7,5034,Ride,,,9,20.1,60.1,"[36.08,-86.87]","[36.08,-86.87]",13,14,15
1198321238,2017-09-23T19:59:11Z,"Creature XXC training ",18.9,7271,Ride,,,9.3,25.1,83.1,"[36.08,-86.87]","[36.08,-86.87]",13,14,15
1201777659,2017-09-25T22:00:47Z,"XXC Creature training ",17.1,5764,Ride,,,10.7,26.4,105.9,"[36.08,-86.87]","[36.08,-86.87]",13,14,15
1207788040,2017-09-29T20:44:44Z,"Bear count: 6",14.1,6734,Ride,,,7.5,23,208,"[37.37,-80.03]","[37.38,-80.01]",13,14,15
1209342656,2017-09-30T20:04:22Z,"Scoping out Rattlin Run ",13.2,6024,Ride,,,7.9,24.4,140.4,"[37.38,-80.01]","[37.38,-80.01]",13,14,15
1211034876,2017-10-01T13:09:35Z,"Creature From Carvins Cove ",44.1,20262,Ride,,,7.8,27.5,531.1,"[37.39,-79.95]","[37.39,-79.95]",13,14,15
1215645257,2017-10-04T22:29:35Z,"Scoping the cycloross course at Ravenwood",24.1,5953,Ride,,,14.5,28.4,126,"[36.17,-86.76]","[36.17,-86.76]",13,14,15
1218335793,2017-10-06T22:53:54Z,"No bikes allowed ",15.2,3492,Ride,,,15.7,26.8,54.7,"[36.17,-86.76]","[36.17,-86.76]",13,14,15
1219612280,2017-10-07T15:27:31Z,"Pivot Switchblade 27+, 29 then hopped back on the Turner ",16.8,6851,Ride,,,8.8,24.6,89.9,"[36.07,-86.88]","[36.08,-86.89]",13,14,15
1228919718,2017-10-13T20:13:37Z,"Scoping out GO Fest. Chestnut loop. Friday the 13th Alley Cat ",28.5,10233,Ride,,,10,32.2,155.3,"[37.25,-79.94]","[37.25,-79.95]",13,14,15
1230288932,2017-10-14T18:21:56Z,"Pivot 429 Trail ",7.9,3653,Ride,,,7.8,26.8,96.7,"[37.25,-79.95]","[37.25,-79.95]",13,14,15
1230435005,2017-10-14T20:41:09Z,"No matter what bike I demo, I know that the one I own is better.",8.3,3799,Ride,,,7.8,23.9,69.6,"[37.26,-79.94]","[37.25,-79.94]",13,14,15
1232367037,2017-10-15T20:11:11Z,"Halloween party recovery  ",12.6,5240,Ride,,,8.6,23.9,102.4,"[37.33,-79.9]","[37.38,-80.01]",13,14,15
1236830513,2017-10-18T22:02:59Z,"Missing The Noke ",12.5,4361,Ride,,,10.3,36.5,72.7,"[36.09,-86.87]","[36.08,-86.87]",13,14,15
1239540131,2017-10-20T22:32:32Z,"Leaves are no prolem out here ",14.2,5140,Ride,,,9.9,26.8,81.5,"[36.08,-86.87]","[36.08,-86.87]",13,14,15
1240917040,2017-10-21T18:55:00Z,"Lol elevation ",14.1,5587,Ride,,,9.1,25.5,39.4,"[36.33,-86.47]","[36.33,-86.47]",13,14,15
1242304311,2017-10-22T15:14:44Z,"Y‚Äôall TN riders are hilarious ",14.1,5108,Ride,,,9.9,28.2,82,"[36.08,-86.87]","[36.08,-86.87]",13,14,15
1244060152,2017-10-23T22:50:30Z,"Canyon Endurance CF SL maiden voyage ",8.4,2180,Ride,,,13.8,23.9,41.1,"[36.17,-86.76]","[36.17,-86.76]",13,14,15
1246996149,2017-10-25T22:14:20Z,"This Canyon is for real. ",14.5,3583,Ride,,,14.5,32.7,144.3,"[36.08,-86.87]","[36.08,-86.87]",13,14,15
1252711521,2017-10-29T17:42:04Z,"Fall is nonexistent ",12.4,5899,Ride,,,7.6,30.6,170.1,"[37.42,-79.76]","[37.42,-79.76]",13,14,15
1257377779,2017-11-02T05:05:24Z,"Johnny‚Äôs to stacks ",2.2,2410,Run,,,3.2,9.2,9.8,"[36.2,-86.74]","[36.17,-86.76]",13,14,15
1258675593,2017-11-02T22:41:16Z,"Saw 9 Bucks ",22.5,5074,Ride,,,16,27.7,120.2,"[36.17,-86.76]","[36.17,-86.76]",13,14,15
1261474218,2017-11-04T22:39:35Z,"Buy my car please ",17.5,3443,Ride,,,18.3,37.6,45.1,"[36.17,-86.76]","[36.17,-86.76]",13,14,15
1267365115,2017-11-09T00:03:15Z,"I‚Äôll never ride tubes again ",5.5,1484,Ride,,,13.3,26.6,36.9,"[36.09,-86.87]","[36.08,-86.87]",13,14,15
1268696457,2017-11-09T23:29:58Z,"There is no off season where IÔ∏è come from ",17.9,4364,Ride,,,14.8,31.5,144.3,"[36.06,-86.88]","[36.06,-86.88]",13,14,15
1271077098,2017-11-11T18:30:21Z,"Ran into a random rap video shoot",31.3,6636,Ride,,,17,31.3,134.3,"[36.17,-86.76]","[36.17,-86.76]",13,14,15
1279570676,2017-11-17T21:54:38Z,"If it‚Äôs not on Strava, it didn‚Äôt happen ",4.7,1707,Ride,,,9.8,23.7,69.4,"[37.26,-79.95]","[37.25,-79.95]",13,14,15
1280826952,2017-11-18T16:21:08Z,"Rob and Kens birthday ",21,9799,Ride,,,7.7,30.4,315.1,"[37.44,-79.79]","[37.44,-79.79]",13,14,15
1283935806,2017-11-20T22:06:09Z,"The Star Stick is a product that markets itself ",9.6,4380,Ride,,,7.9,27.1,88.6,"[37.26,-79.95]","[37.26,-79.94]",13,14,15
1285338665,2017-11-21T22:23:29Z,"Tuesday night lights ",12.6,5379,Ride,,,8.4,21.3,147.6,"[37.26,-79.96]","[37.26,-79.96]",13,14,15
1286407108,2017-11-22T18:42:41Z,"Pre Thanksgiving warmup ",10.6,4519,Ride,,,8.5,22.8,89.6,"[37.38,-80.01]","[37.38,-80.01]",13,14,15
1287860570,2017-11-23T19:18:50Z,"Young Turkey ",19.2,5334,Ride,,,13,30.9,119.2,"[37.32,-79.87]","[37.32,-79.87]",13,14,15
1288895518,2017-11-24T17:01:23Z,"RIMBA social ",9.9,5553,Ride,,,6.4,19,169,"[37.38,-80.01]","[37.38,-80.01]",13,14,15
1290283271,2017-11-25T15:27:42Z,"Water bars üñïüèΩ",14.5,7920,Ride,,,6.6,23.7,236.2,"[37.54,-79.61]","[37.54,-79.58]",13,14,15
1296066585,2017-11-29T23:12:10Z,"Full Percy lap",11,2747,Ride,,,14.4,29.1,99.2,"[36.06,-86.88]","[36.06,-86.88]",13,14,15
1299349656,2017-12-02T16:54:30Z,"Shelby rip ",18.7,3983,Ride,,,16.9,27.7,73.8,"[36.17,-86.76]","[36.17,-86.76]",13,14,15
1308344290,2017-12-09T18:12:40Z,"Poachin the golf course. ",18.2,4199,Ride,,,15.6,28.2,84.9,"[36.17,-86.76]","[36.17,-86.76]",13,14,15
1316448382,2017-12-16T20:51:38Z,"9Point8 dropper maiden voyage",9.6,3898,Ride,,,8.9,21.3,122.1,"[37.38,-80.01]","[37.38,-80.01]",13,14,15
1317760565,2017-12-17T17:16:04Z,"üêé ",15.3,8243,Ride,,,6.7,29.5,247.1,"[37.41,-79.75]","[37.41,-79.75]",13,14,15
1320039002,2017-12-19T18:00:02Z,"Sethys longest ",36.7,9270,Ride,,,14.3,37.1,190.6,"[37.44,-79.84]","[37.44,-79.84]",13,14,15
1320264280,2017-12-19T22:29:22Z,"50 mile duathalon ",12.4,5330,Ride,,,8.4,23.7,140,"[37.26,-79.96]","[37.26,-79.96]",13,14,15
1321222668,2017-12-20T19:02:21Z,"Ride it to the top man!",11.4,5133,Ride,,,8,23.9,150.9,"[37.36,-79.99]","[37.36,-79.99]",13,14,15
1322409216,2017-12-21T19:15:56Z,"Winter ",12.6,5891,Ride,,,7.7,24.6,91.8,"[37.39,-80.01]","[37.38,-80.01]",13,14,15
1329644847,2017-12-27T20:12:41Z,"Frozen dody ",11.5,5838,Ride,,,7.1,24.2,191.3,"[37.41,-79.75]","[37.41,-79.75]",13,14,15
1332138955,2017-12-29T17:58:18Z,"New Year‚Äôs Day cold prep",12.8,6608,Ride,,,6.9,27.1,168.7,"[37.41,-79.75]","[37.41,-79.75]",13,14,15
1333540295,2017-12-30T17:35:31Z,"Hammerin down Hammin, bustin up Boblettes",8.8,4624,Ride,,,6.9,20.8,137.9,"[37.47,-79.7]","[37.47,-79.7]",13,14,15
1336379676,2018-01-01T16:53:38Z,"28th Annual First Ride O The New Year ",20.5,8365,Ride,,,8.8,25.1,188.5,"[37.38,-79.95]","[37.38,-79.95]",13,14,15
1338231200,2018-01-02T22:28:52Z,"Tuesday night lights ",12.1,5385,Ride,,,8.1,21.7,138,"[37.27,-79.94]","[37.27,-79.94]",13,14,15
1344327761,2018-01-06T21:48:21Z,"Gravelocity prep: Shelby singletrack ",13.7,3753,Ride,159.9,184,13.1,23.7,46.7,"[36.17,-86.76]","[36.17,-86.76]",13,14,15
1346221739,2018-01-07T20:40:38Z,"Gravelocity prep: Ravenwood CX course ",23.4,6171,Ride,,,13.6,28.9,111.8,"[36.17,-86.76]","[36.17,-86.76]",13,14,15
1355615080,2018-01-13T19:58:33Z,"Winters back",9.2,4619,Ride,150.5,185,7.2,27.1,145.3,"[37.42,-79.76]","[37.42,-79.76]",13,14,15
1357784479,2018-01-14T14:53:20Z,"Gravelocity ",40.2,13038,Ride,146.9,184,11.1,32.9,464.5,"[37.45,-79.89]","[37.45,-79.89]",13,14,15
1359299555,2018-01-15T22:53:25Z,"I ‚ù§Ô∏è suspension ",7.8,4267,Ride,144.6,166,6.6,24.6,111.1,"[37.26,-79.94]","[37.26,-79.94]",13,14,15
1360962022,2018-01-16T22:44:35Z,"Lead Tuesday Night Lights ",11.4,4612,Ride,159.1,186,8.9,28,130.1,"[37.27,-79.94]","[37.27,-79.94]",13,14,15
1362435657,2018-01-17T23:14:40Z,Zwafting,20.1,3708,VirtualRide,,,19.6,38.7,105.2,"[-11.64,166.95]","[-11.64,166.95]",13,14,15
1367095655,2018-01-20T23:11:25Z,"FTP Test",13.9,2677,VirtualRide,,,18.8,42.5,54.6,"[-11.64,166.95]","[-11.64,166.95]",13,14,15
1368931918,2018-01-21T19:48:48Z,"Getting the Canyon muddy ",26.1,6336,Ride,164.8,185,14.9,34.2,142.3,"[36.17,-86.76]","[36.17,-86.76]",13,14,15
1372292839,2018-01-24T00:35:53Z,"The Wringer",16,3509,VirtualRide,150.4,176,16.4,47.4,75,"[51.51,-0.08]","[51.5,-0.14]",13,14,15
1373893663,2018-01-25T00:13:01Z,"509 Watts on my last set, damn. ",20,3463,VirtualRide,122.6,178,20.8,36,45.7,"[51.51,-0.08]","[51.5,-0.07]",13,14,15
1376834922,2018-01-26T23:22:06Z,"Went on a beer run and a ride broke out ",17.9,3743,Ride,154.9,177,17.2,32.2,70.7,"[36.17,-86.76]","[36.17,-86.76]",13,14,15
1378700454,2018-01-28T00:28:47Z,"Hour uh poauuer",20,3627,VirtualRide,145.6,175,19.9,41.8,94.8,"[-11.64,166.95]","[-11.64,166.96]",13,14,15
1382142473,2018-01-29T23:35:29Z,"Look at the HR graph, dropped ded at the end of the FTP test",20,3358,VirtualRide,146.3,179,21.5,34.2,43.3,"[51.51,-0.08]","[51.5,-0.08]",13,14,15
1385517159,2018-01-31T22:43:02Z,"Quick Percy lap ",13.3,3253,Ride,155.2,178,14.7,31.5,123.5,"[36.06,-86.88]","[36.06,-86.88]",13,14,15
1388615690,2018-02-03T01:26:51Z,"The Wringer",14.5,2677,VirtualRide,136.3,176,19.5,41.2,61.6,"[-11.64,166.95]","[-11.64,166.96]",13,14,15
1390152994,2018-02-03T20:19:49Z,"Ravenwood: ""Road Singletrack""",23.6,5565,Ride,147.1,177,15.2,35.6,133.9,"[36.17,-86.76]","[36.17,-86.76]",13,14,15
1395282155,2018-02-06T23:39:24Z,"Durianrider training program: Cadence is KING",20,3291,VirtualRide,153.7,185,21.9,36.5,0,"[51.51,-0.08]","[51.5,-0.08]",13,14,15
1399792914,2018-02-09T23:00:39Z,"Possibly one of my last percy laps ü¶Ö",14.8,3362,Ride,,,15.8,33.1,131.8,"[36.06,-86.88]","[36.06,-86.88]",13,14,15
1401367357,2018-02-10T21:00:54Z,"CRV got a new CV axle that it barely will ise",1.2,459,Ride,,,9.4,19,5.3,"[36.17,-86.76]","[36.18,-86.75]",13,14,15
1401553374,2018-02-10T23:12:35Z,"Zwift -Kendrick DAMN. freeride",20.1,2983,VirtualRide,162.2,180,24.2,42.7,78.6,"[-11.64,166.95]","[-11.65,166.96]",13,14,15
1403358961,2018-02-11T21:59:21Z,"Bailed on the Wringer",7.3,1262,VirtualRide,134.3,176,20.9,40.7,0,"[-11.64,166.95]","[-11.64,166.95]",13,14,15
1403381142,2018-02-11T22:23:23Z,"Thats more like it",7.2,1112,VirtualRide,152.8,162,23.4,42.7,0,"[-11.64,166.95]","[-11.64,166.95]",13,14,15
1406531260,2018-02-13T23:58:57Z,"Black Panther Playlist",20.6,3284,VirtualRide,159.1,177,22.6,50.6,0,"[51.51,-0.08]","[51.5,-0.16]",13,14,15
1409524309,2018-02-15T22:54:35Z,"Bladed spokes!",22.5,5039,Ride,154.7,178,16.1,41.6,120.2,"[36.17,-86.76]","[36.17,-86.76]",13,14,15
1411736737,2018-02-17T12:01:59Z,"BikeRadar Mission Workout with Issem",13.1,3326,VirtualRide,131.6,167,14.2,25.9,0,"[-11.64,166.95]","[-11.64,166.95]",13,14,15
1414787768,2018-02-18T19:29:53Z,"The river is high",26.9,6604,Ride,147.6,182,14.6,27.3,129.9,"[36.17,-86.76]","[36.17,-86.76]",13,14,15
1416325147,2018-02-19T22:48:32Z,"Barrack Obama day ",11,2516,Ride,150.8,176,15.7,33.8,99.2,"[36.06,-86.88]","[36.06,-86.88]",13,14,15
1419735344,2018-02-21T22:19:28Z,"The confederation of the DW Link ",10.1,4479,Ride,142,175,8.1,25.9,124.7,"[37.26,-79.94]","[37.26,-79.94]",13,14,15
1421261393,2018-02-22T22:52:18Z,"Just the man I needed to talk to",10.1,4089,Ride,151.6,183,8.9,22.6,118.4,"[37.26,-79.95]","[37.26,-79.94]",13,14,15
1422557433,2018-02-23T22:07:13Z,"I‚Äôm back baby",8,3545,Ride,134.8,168,8.1,31.8,93.8,"[37.26,-79.94]","[37.26,-79.94]",13,14,15
1424281014,2018-02-24T19:54:18Z,"Clownhead madness ",11.1,5015,Ride,150.2,169,8,25.5,169.8,"[37.36,-79.99]","[37.36,-79.99]",13,14,15
1426224482,2018-02-25T15:27:38Z,"The Battle at Blackhorse ",16.7,9009,Ride,137.8,168,6.7,25.5,274.8,"[37.41,-79.75]","[37.41,-79.75]",13,14,15
1430698703,2018-02-28T23:37:19Z,"Flooded Freeride",20.3,3129,VirtualRide,145.8,178,23.3,36.7,0,"[51.5,-0.14]","[51.49,-0.15]",13,14,15
1432021135,2018-03-01T23:44:29Z,"Quick London Lap",13.2,2043,VirtualRide,143.2,176,23.3,36.5,31.7,"[51.5,-0.14]","[51.51,-0.12]",13,14,15
1433198072,2018-03-02T22:57:15Z,"Motorpacing on a greenway! What a concept! ",11,2602,Ride,146.2,176,15.2,29.8,100.9,"[36.06,-86.88]","[36.06,-86.88]",13,14,15
1439956265,2018-03-06T23:05:27Z,"Beer Ride Prep",14.3,3402,Ride,,,15.1,32.4,127.5,"[36.06,-86.87]","[36.06,-86.88]",13,14,15
1446440761,2018-03-10T19:44:59Z,"Mountain Lions Confirmed ",17.2,8299,Ride,159.8,185,7.5,26.6,227.3,"[37.38,-80.01]","[37.38,-80.01]",13,14,15
1448296426,2018-03-11T18:26:59Z,"Chillin with Dad coming off the flu ",4,2483,Ride,,,5.8,23.9,57.1,"[37.41,-79.75]","[37.41,-79.75]",13,14,15
1451869394,2018-03-13T21:32:40Z,"The Beer Ride ",19.4,5121,Ride,132.3,176,13.7,37.6,113.6,"[37.27,-79.94]","[37.27,-79.94]",13,14,15
1455259419,2018-03-15T21:36:38Z,"Thursday Night Smackdown ",9.5,4152,Ride,132.9,183,8.2,26.4,101.4,"[37.26,-79.96]","[37.26,-79.96]",13,14,15
1463392183,2018-03-20T21:18:06Z,"Glad I put the offroads on: L‚ÄôEeroica ",20.2,5245,Ride,135.7,180,13.9,34,108.2,"[37.27,-79.94]","[37.27,-79.94]",13,14,15
1466510699,2018-03-22T21:51:07Z,"Out from the house",8.9,2552,Ride,153.4,177,12.6,33.3,126.9,"[37.33,-79.9]","[37.33,-79.9]",13,14,15
1467956295,2018-03-23T20:27:31Z,"There are those who haven‚Äôt been saved by their LBS and there are those that will be saved by their LBS",10.9,4252,Ride,143.7,178,9.2,25.7,93.5,"[37.27,-79.94]","[37.27,-79.94]",13,14,15
1469616303,2018-03-24T16:55:31Z,"Snow started right at the top of Dody ",11.7,5566,Ride,154.8,175,7.6,26.4,192.3,"[37.41,-79.75]","[37.41,-79.75]",13,14,15
1471960582,2018-03-25T17:18:03Z,"Ballast Point ",26.1,7424,Ride,131.4,173,12.6,34,199.7,"[37.44,-79.84]","[37.43,-79.91]",13,14,15
1472192894,2018-03-25T21:02:59Z,"What is geography ",5.1,1270,Ride,143.1,181,14.5,26.6,21.2,"[37.43,-79.91]","[37.44,-79.84]",13,14,15
1473923255,2018-03-26T21:26:32Z,"Work at Deschutes, play at Deschutes ",11.5,4749,Ride,133.7,178,8.7,34.2,99.6,"[37.27,-79.94]","[37.27,-79.93]",13,14,15
1475530380,2018-03-27T21:31:39Z,"Another cold Tuesday night ride ",19.2,4631,Ride,,,14.9,31.8,103.6,"[37.27,-79.94]","[37.27,-79.94]",13,14,15
1477162711,2018-03-28T21:33:54Z,"Rockstar training: need to train the weather to stay this way",7.8,3451,Ride,133.7,172,8.1,31.3,103.9,"[37.25,-79.95]","[37.25,-79.95]",13,14,15
1478867874,2018-03-29T21:07:50Z,"Thursday night special",13.1,4800,Ride,,,9.8,32.2,118,"[37.26,-79.94]","[37.26,-79.94]",13,14,15
1480300356,2018-03-30T15:59:41Z,"Good Friday Lunch Vacation Ride ",11.7,5242,Ride,,,8,21.3,126.8,"[37.38,-80.01]","[37.38,-80.01]",13,14,15
1482414288,2018-03-31T17:43:45Z,"Shooting pictures for bikeva.com ",18,8266,Ride,,,7.9,31.5,241.4,"[37.41,-79.75]","[37.41,-79.75]",13,14,15
1484200515,2018-04-01T15:34:09Z,"Clearing out Hoop Hole for RockStar ",9.5,5397,Ride,,,6.3,32.7,95.7,"[37.67,-79.92]","[37.67,-79.92]",13,14,15
1485688882,2018-04-02T13:14:10Z,"Deschutes ExtravaCANza!",2.6,1284,Ride,,,7.2,15.7,9.1,"[37.27,-79.94]","[37.27,-79.94]",13,14,15
1488305531,2018-04-03T21:24:04Z,"Rockstar Training: easy Tuesday nighter, no hammers dropped here ",19,4479,Ride,,,15.3,33.8,99.7,"[37.27,-79.94]","[37.27,-79.94]",13,14,15
1495112721,2018-04-07T11:01:04Z,"RockStar VA, bailed just before Reddish Knob. ",45.6,18712,Ride,,,8.8,31.8,402.9,"[38.45,-78.87]","[38.36,-79.15]",13,14,15
1497731887,2018-04-08T17:41:29Z,"Spec Dody ",18.7,9104,Ride,,,7.4,28,320,"[37.44,-79.79]","[37.43,-79.77]",13,14,15
1503199514,2018-04-11T20:53:46Z,"Kudos to Sully for finishing the RockStar!",9.8,3815,Ride,,,9.2,26.2,129.5,"[37.26,-79.95]","[37.26,-79.95]",13,14,15
1505132767,2018-04-12T21:47:04Z,"Thursday Night Smackdown",12,5155,Ride,,,8.4,22.4,112.2,"[37.26,-79.96]","[37.26,-79.96]",13,14,15
1506689790,2018-04-13T17:52:26Z,"Rocky Mountain Instinct ",8.9,3761,Ride,,,8.5,25.7,82,"[37.27,-79.94]","[37.26,-79.94]",13,14,15
1508740242,2018-04-14T15:06:38Z,"Conquering Cornelius ",22,11089,Ride,,,7.1,25.5,343.2,"[37.54,-79.58]","[37.54,-79.58]",13,14,15
1511054468,2018-04-15T16:55:15Z,"Zimmerman is no joke!",27.8,8731,Ride,,,11.5,33.6,243.5,"[37.33,-79.9]","[37.33,-79.9]",13,14,15
1512910340,2018-04-16T21:32:45Z,"Mother Nature just doesn't want us to have Spring",9.5,4119,Ride,,,8.3,25.7,118.9,"[37.26,-79.94]","[37.26,-79.94]",13,14,15
1515112466,2018-04-17T21:21:18Z,"Leroica hammers down!",19,4130,Ride,,,16.6,36.2,118,"[37.27,-79.94]","[37.27,-79.94]",13,14,15
1517110663,2018-04-18T21:53:35Z,"Deschutes IS building here.",8,3196,Ride,,,9.1,26.6,75,"[37.27,-79.94]","[37.27,-79.94]",13,14,15
1519350138,2018-04-19T20:53:40Z,"Thursday night especiales",16.7,6485,Ride,,,9.3,25.5,141.4,"[37.27,-79.94]","[37.26,-79.96]",13,14,15
1521166277,2018-04-20T20:29:37Z,"Friday night with dad",13,4951,Ride,,,9.4,24.6,110,"[37.27,-79.94]","[37.27,-79.94]",13,14,15
1522897692,2018-04-21T15:08:38Z,"OTB immediately ",14,6626,Ride,,,7.6,25.1,128.3,"[37.51,-79.52]","[37.54,-79.62]",13,14,15
1525847313,2018-04-22T15:58:54Z,"Middle Mountain Momma Recon ",16.2,8077,Ride,139,166,7.2,23.9,217.7,"[37.9,-79.8]","[37.9,-79.8]",13,14,15
1531952338,2018-04-25T21:36:10Z,"The Beer Ride ",21.2,4841,Ride,136.5,181,15.8,39.6,145.3,"[37.27,-79.94]","[37.27,-79.94]",13,14,15
1534009567,2018-04-26T21:42:35Z,"The Roanoke Mountain Adventures Trail Club ",12.7,5662,Ride,141,176,8.1,25.3,163.2,"[37.26,-79.96]","[37.26,-79.96]",13,14,15
1535575905,2018-04-27T22:13:50Z,"Thanks for the shuttle Tyler!",10.1,3412,Ride,143.5,195,10.6,28.4,84.4,"[37.25,-79.94]","[37.27,-79.94]",13,14,15
1537640761,2018-04-28T16:09:15Z,"Marking for Middle Mountain Momma ",11.9,5822,Ride,154.1,175,7.3,27.3,193.9,"[37.9,-79.8]","[37.9,-79.8]",13,14,15
1539997474,2018-04-29T18:30:41Z,"Marking the beginner for Middle Mountain Momma",11.2,6297,Ride,138.5,186,6.4,22.6,202,"[37.9,-79.8]","[37.9,-79.8]",13,14,15
1541787988,2018-04-30T21:25:35Z,"Starr Hill Monday Night Ride",11.9,5065,Ride,144.3,183,8.4,32.7,134.1,"[37.26,-79.94]","[37.26,-79.94]",13,14,15
1544257960,2018-05-01T21:26:49Z,"Lerotica ",22.9,5624,Ride,136.3,177,14.6,36.5,139.7,"[37.27,-79.94]","[37.27,-79.94]",13,14,15
1546093492,2018-05-02T21:55:31Z,"I‚Äôd rather be Klunking ",10.1,4425,Ride,156.6,189,8.2,30,102.7,"[37.38,-80.01]","[37.38,-80.01]",13,14,15
1548076599,2018-05-03T21:22:01Z,"RMA runnin deep! ",9.5,3844,Ride,123.6,169,8.9,25.5,109.6,"[37.26,-79.94]","[37.26,-79.94]",13,14,15
1549734619,2018-05-04T17:12:56Z,"Middle Mountain Momma  Lasso Loop",8.7,5288,Ride,132.4,159,5.9,26.2,151.7,"[37.95,-79.8]","[37.95,-79.8]",13,14,15
1554702585,2018-05-06T12:42:03Z,"Middle Mountain Momma",17.1,10054,Ride,141.5,173,6.1,25.1,271.6,"[37.9,-79.81]","[37.9,-79.81]",13,14,15
1559917604,2018-05-08T21:24:18Z,"La routa ",19.4,4541,Ride,124.8,184,15.4,33.6,110.6,"[37.27,-79.94]","[37.27,-79.94]",13,14,15
1561167340,2018-05-09T21:38:00Z,"üêâ ",8.8,5734,Ride,156,191,5.5,21.3,194.7,"[37.38,-80.16]","[37.38,-80.16]",13,14,15
1563321585,2018-05-10T21:29:05Z,"Everybody scatter!",10.9,4772,Ride,143.2,187,8.2,26.4,146.2,"[37.26,-79.94]","[37.26,-79.94]",13,14,15
1565809854,2018-05-11T20:59:06Z,"Always happy to give up a PR to other trail users (not sarcasm)",13.7,5616,Ride,139.3,166,8.8,26.2,148.9,"[37.27,-79.94]","[37.27,-79.94]",13,14,15
1567843164,2018-05-12T16:13:31Z,"Dody ",11.7,5827,Ride,147.5,176,7.2,22.1,192.3,"[37.41,-79.75]","[37.41,-79.75]",13,14,15
1570641052,2018-05-13T19:45:25Z,"Car wouldn‚Äôt start. Carlo is my lord and savior.",14.8,6141,Ride,156.8,180,8.7,27.3,177.8,"[37.38,-80.01]","[37.38,-80.01]",13,14,15
1572649139,2018-05-14T21:47:51Z,"Industry Nine shoot, oh and  my engine is blown",5.3,1737,Ride,132.2,165,11,24.2,18.8,"[37.27,-79.94]","[37.26,-79.94]",13,14,15
1576896986,2018-05-16T21:48:03Z,"Wet David Weins Disco ",7.2,3199,Ride,130.4,167,8.1,29.3,96.6,"[37.26,-79.94]","[37.26,-79.94]",13,14,15
1582832808,2018-05-19T16:57:58Z,"Foggy Dody",16.7,7910,Ride,156.4,205,7.6,28.9,276.5,"[37.41,-79.75]","[37.41,-79.75]",13,14,15
1585413628,2018-05-20T18:45:27Z,"Exploring the trails behind the house. ",5.7,4546,Ride,136.1,162,4.5,30,135.8,"[37.33,-79.9]","[37.33,-79.9]",13,14,15
1587685547,2018-05-21T21:23:35Z,Struggling,9.3,3795,Ride,126.8,177,8.8,24.6,56.5,"[37.26,-79.94]","[37.26,-79.94]",13,14,15
1592083538,2018-05-23T22:00:23Z,"Christian front flipped on OG",8.3,4755,Ride,133,171,6.3,23.3,127.6,"[37.36,-79.99]","[37.36,-79.99]",13,14,15
1594135427,2018-05-24T21:25:43Z,"Limping this Turner along ",12.5,5243,Ride,132.2,178,8.6,28.6,124.8,"[37.26,-79.94]","[37.26,-79.94]",13,14,15
1595983241,2018-05-25T22:55:47Z,"I am mechanically unfit for office ",5.9,2992,Ride,150.3,208,7.1,24.6,108.1,"[37.36,-79.99]","[37.36,-79.99]",13,14,15
1602570919,2018-05-28T15:59:03Z,"Cove full pull",27,13898,Ride,131.1,210,7,26.8,325.6,"[37.36,-79.95]","[37.36,-79.95]",13,14,15
1608670846,2018-05-31T16:22:19Z,"RIMBA Trail Work",2.6,1228,Ride,131.9,166,7.5,24.6,24.7,"[37.36,-79.99]","[37.36,-79.99]",13,14,15
1609068262,2018-05-31T21:45:27Z,"Wet RMA ",8.4,3918,Ride,140.1,185,7.7,29.3,100.7,"[37.26,-79.94]","[37.26,-79.94]",13,14,15
1612968022,2018-06-02T13:22:57Z,"Shooting the Hoo-Ha enduro video",11.6,6379,Ride,123.2,176,6.5,30,199.5,"[38.43,-78.77]","[38.43,-78.77]",13,14,15
1615857823,2018-06-03T14:47:43Z,"Shooting the Hoo-Ha XXC",5.5,3499,Ride,130.8,174,5.7,18.8,72.4,"[38.43,-78.77]","[38.43,-78.77]",13,14,15
1642994827,2018-06-16T19:09:10Z,"Beating the Bonnaflu",7.1,3572,Ride,158.4,185,7.2,23.3,114.9,"[37.38,-80.01]","[37.38,-80.01]",13,14,15
1645395761,2018-06-17T17:24:56Z,"Fathers Day ride with the one and only Kyle Inman",13.6,6738,Ride,142.4,185,7.3,28.6,182.7,"[37.45,-79.79]","[37.45,-79.79]",13,14,15
1647346217,2018-06-18T21:29:23Z,"Classic Monday night ride ",8.3,3875,Ride,141.4,186,7.7,28.2,95.8,"[37.26,-79.94]","[37.26,-79.94]",13,14,15
1649528477,2018-06-19T21:28:19Z,LeHotica,17.4,3993,Ride,143.8,183,15.7,34.9,102,"[37.27,-79.94]","[37.27,-79.94]",13,14,15
1651787528,2018-06-20T21:51:55Z,"Royalty ass whoopin",10.1,4449,Ride,156.7,186,8.1,24.2,143.6,"[37.36,-79.99]","[37.36,-79.99]",13,14,15
1653989761,2018-06-21T21:34:47Z,"RMA back in it",9.2,3621,Ride,143.7,199,9.1,30.9,95.3,"[37.26,-79.96]","[37.26,-79.96]",13,14,15
1660104763,2018-06-24T16:42:24Z,"Dody ",12.2,6711,Ride,146.4,181,6.6,26.8,193,"[37.41,-79.75]","[37.41,-79.75]",13,14,15
1662281761,2018-06-25T21:27:28Z,"Monday Nighter",10.8,4637,Ride,129.7,185,8.4,34.4,128.6,"[37.26,-79.94]","[37.26,-79.94]",13,14,15
1664610364,2018-06-26T21:29:47Z,"Leroica with some driving",20,4392,Ride,128.9,185,16.4,37.6,110.6,"[37.27,-79.94]","[37.28,-79.93]",13,14,15
1668717259,2018-06-28T21:05:36Z,"Blue Ridge TrailHeads storm Thursday Night Special!",17.1,6556,Ride,149.3,197,9.4,28.4,131.8,"[37.26,-79.96]","[37.26,-79.96]",13,14,15
1672707765,2018-06-30T19:45:14Z,"Realized you can see Kerncliff from Mill Mt, so I figured I‚Äôd go climb it.",19.1,8099,Ride,152.3,195,8.5,27.1,189.1,"[37.38,-80.01]","[37.38,-80.01]",13,14,15
1674715841,2018-07-01T15:16:18Z,"<insert new name here> Social Ride",10,5138,Ride,147.9,183,7,26.4,126.3,"[37.38,-80.01]","[37.38,-80.01]",13,14,15
1677062149,2018-07-02T21:33:13Z,"Monday Nighter ",7.3,3092,Ride,133.3,181,8.5,30.9,74.1,"[37.26,-79.94]","[37.26,-79.94]",13,14,15
1679338317,2018-07-03T22:22:35Z,"Quick spin with Christian ",9.6,4092,Ride,153.1,200,8.4,24.6,103,"[37.36,-79.99]","[37.36,-79.99]",13,14,15
1681133789,2018-07-04T13:15:17Z,"FREEDOM DAY üíØ K",60.5,15085,Ride,,,14.4,40.5,488.6,"[37.43,-79.91]","[37.43,-79.91]",13,14,15
1683631520,2018-07-05T21:47:08Z,"Recovery Mountain Adventures ",12.4,4858,Ride,143.9,180,9.2,26.4,103.6,"[37.26,-79.96]","[37.26,-79.96]",13,14,15
1694508313,2018-07-10T21:27:35Z,"One beer ride",19,4231,Ride,145.4,185,16.1,34.2,102.4,"[37.27,-79.94]","[37.27,-79.94]",13,14,15
1696569321,2018-07-11T22:17:50Z,"Fabric saddles are great",10.6,4335,Ride,152.1,175,8.8,30,134.7,"[37.38,-80.01]","[37.38,-80.01]",13,14,15
1698771182,2018-07-12T21:43:20Z,"Pre Dirt Fest RMA",13.4,5284,Ride,142.9,177,9.2,25.5,118.6,"[37.26,-79.96]","[37.26,-79.96]",13,14,15
1704181587,2018-07-14T13:24:45Z,"Transition Sentinel",6.8,3063,Ride,157,187,8,22.8,54.9,"[39.58,-79.49]","[39.58,-79.49]",13,14,15
1704180901,2018-07-14T17:39:08Z,"Norco Range",4.7,2875,Ride,158.1,182,5.9,20.6,43.6,"[39.58,-79.49]","[39.58,-79.49]",13,14,15
1704180733,2018-07-14T19:14:19Z,"Pivot Trail429",3.3,1831,Ride,155.7,181,6.4,16.1,12.8,"[39.58,-79.49]","[39.61,-79.51]",13,14,15
1704180798,2018-07-15T03:34:54Z,"The most epic night ride ever",7.9,4350,Ride,109,109,6.5,18.6,75.6,"[39.58,-79.48]","[39.58,-79.48]",13,14,15
1704705526,2018-07-15T13:26:19Z,"Ibis Ripmo",12.7,6160,Ride,148.4,181,7.4,20.1,112.5,"[39.58,-79.49]","[39.58,-79.49]",13,14,15
1707365073,2018-07-16T21:32:44Z,"The best.",8.9,3776,Ride,137.8,181,8.5,28,91.7,"[37.26,-79.94]","[37.26,-79.94]",13,14,15
1709736114,2018-07-17T21:28:27Z,"Tour Dae Pont",20.5,4707,Ride,141.4,185,15.7,38,103.6,"[37.27,-79.94]","[37.27,-79.94]",13,14,15
1714071156,2018-07-19T13:32:51Z,"Getting my truck worked on and going to the wrong park",8.8,2070,Ride,,,15.4,29.5,33.5,"[37.3,-79.94]","[37.27,-79.94]",13,14,15
1716166835,2018-07-20T21:28:41Z,"Monument walk of shame",8.2,3831,Ride,139.1,179,7.8,23.5,110.9,"[37.27,-79.94]","[37.25,-79.93]",13,14,15
1718576065,2018-07-21T17:56:33Z,"Dody, with",21.2,9568,Ride,148.6,179,8,30.6,250.5,"[37.41,-79.75]","[37.41,-79.75]",13,14,15
1720842111,2018-07-22T12:44:07Z,"üêâ ‚Äòs Back",10.3,6810,Ride,151.1,183,5.4,30.2,158.2,"[37.38,-80.16]","[37.38,-80.16]",13,14,15
1723561713,2018-07-23T21:27:39Z,"Deschutes Monday nighter.",10.3,4517,Ride,,,8.2,29.5,108.5,"[37.27,-79.94]","[37.27,-79.94]",13,14,15
1730186478,2018-07-26T21:50:18Z,"Nobody gets out of monument alive",10.6,4105,Ride,139,184,9.3,29.5,92.7,"[37.26,-79.96]","[37.26,-79.96]",13,14,15
1734023457,2018-07-28T17:41:09Z,Mineshafted,12.3,5088,Ride,148.2,176,8.7,28.4,150.3,"[37.47,-79.7]","[37.47,-79.7]",13,14,15
1736455180,2018-07-29T16:43:16Z,"Weekly Dragons Back Ride",10.8,6346,Ride,156.1,177,6.1,29.1,145.1,"[37.38,-80.15]","[37.38,-80.15]",13,14,15
1738892894,2018-07-30T21:28:58Z,"They call me Stormy Monday",11.9,4687,Ride,125.6,168,9.2,29.3,124.2,"[37.27,-79.94]","[37.27,-79.94]",13,14,15
1743568323,2018-08-01T21:38:46Z,"Quick Spec loop",8.7,3448,Ride,,,9,26.2,136.5,"[37.42,-79.76]","[37.42,-79.76]",13,14,15
1745914279,2018-08-02T21:36:27Z,"Chestnut Loop",11.8,5035,Ride,128.7,196,8.4,30.2,104.5,"[37.26,-79.96]","[37.26,-79.96]",13,14,15
1747745248,2018-08-03T21:12:11Z,"45 Minute Spin With Travis Scott",14.2,2704,Ride,155.7,176,18.9,23,0,,,13,14,15
1749929186,2018-08-04T17:29:32Z,"Fuck you ",7,5398,Ride,126.3,162,4.6,21.9,115.5,"[37.36,-79.99]","[37.36,-79.99]",13,14,15
1752533019,2018-08-05T18:31:13Z,Dooooooooooooooooooody,8.2,4433,Ride,140.9,174,6.6,34.2,136.5,"[37.41,-79.75]","[37.41,-79.75]",13,14,15
1754925169,2018-08-06T21:29:55Z,"Monday nighter ",15.3,5851,Ride,129.9,175,9.4,27.3,139.7,"[37.27,-79.94]","[37.27,-79.94]",13,14,15
1757214894,2018-08-07T21:33:50Z,"The Beer Ride ",21.7,4607,Ride,136.7,183,17,42.9,154.6,"[37.27,-79.94]","[37.27,-79.94]",13,14,15
1759504608,2018-08-08T21:32:19Z,"Party on The Gauntlet",9.2,4912,Ride,142,167,6.7,22.8,168.2,"[37.38,-80.01]","[37.38,-80.01]",13,14,15
1761823369,2018-08-09T21:38:38Z,"Real Monument DH Carnage! ",11.2,4462,Ride,139.2,176,9,31.1,113.1,"[37.26,-79.96]","[37.26,-79.96]",13,14,15
1765675433,2018-08-11T15:15:41Z,"Dragons Back with Dan and Robert",16.5,11665,Ride,153.5,183,5.1,25.5,370.6,"[37.38,-80.16]","[37.38,-80.16]",13,14,15
1768156298,2018-08-12T17:30:44Z,"Kona Process 153 29er",6.9,3238,Ride,,,7.6,24.4,99.1,"[37.25,-79.93]","[37.25,-79.94]",13,14,15
1768156475,2018-08-12T18:47:51Z,"Kona Process 153 27.5",4.2,2141,Ride,133.9,160,7.1,23.7,61.6,"[37.25,-79.93]","[37.25,-79.94]",13,14,15
1770396717,2018-08-13T21:37:48Z,"First time monument carnage.",12.2,5124,Ride,132.8,172,8.6,26.8,141.7,"[37.27,-79.94]","[37.27,-79.94]",13,14,15
1772699089,2018-08-14T21:28:14Z,"The Beer Ride.",22.4,4755,Ride,145.8,213,17,39.8,145.4,"[37.27,-79.94]","[37.27,-79.94]",13,14,15
1774963847,2018-08-15T21:18:39Z,"Neighborhood Recovery Day",8.1,2055,Ride,156.6,249,14.2,37.1,80.5,"[37.33,-79.9]","[37.33,-79.9]",13,14,15
1777457334,2018-08-16T21:33:12Z,"Turner bros have lost a valiant soldier",9.2,3913,Ride,130.1,176,8.4,30,95.7,"[37.26,-79.96]","[37.26,-79.96]",13,14,15
1779279179,2018-08-17T22:12:40Z,"B-52 Bomber",10.7,3826,Ride,148.2,176,10.1,33.8,106.4,"[37.27,-79.94]","[37.27,-79.94]",13,14,15
1781517543,2018-08-18T20:21:08Z,"Cabin Fever Spec Wreck ",9.2,3892,Ride,148.9,206,8.5,29.3,145.1,"[37.42,-79.76]","[37.42,-79.76]",13,14,15
1784182988,2018-08-19T19:49:16Z,"Rocky top.",5.7,4898,Ride,140.3,168,4.2,21,177.4,"[37.33,-80.14]","[37.34,-80.14]",13,14,15
1790075818,2018-08-22T12:50:55Z,"Creature Enduro Promo Video Shoot",8.1,5207,Ride,128.3,158,5.6,21.3,132,"[37.36,-79.99]","[37.36,-79.99]",13,14,15
1793343656,2018-08-23T21:47:07Z,"Dan is THE MAN",12.3,5037,Ride,144,181,8.8,24.8,110.9,"[37.26,-79.96]","[37.26,-79.96]",13,14,15
1795074819,2018-08-24T21:57:51Z,"Dody Mater",7.8,3542,Ride,150.8,169,8,30.2,131.7,"[37.41,-79.75]","[37.41,-79.75]",13,14,15
1797194274,2018-08-25T17:45:16Z,"Creature XXC Video Shoot. Last Ride on the Turner ",10.4,5323,Ride,132.9,171,7.1,25.9,105.8,"[37.38,-80.01]","[37.38,-80.01]",13,14,15
1799773020,2018-08-26T19:17:43Z,"Transition Sentinel maiden voyage.",15.9,6961,Ride,158.5,177,8.2,30.6,255.7,"[37.41,-79.75]","[37.41,-79.75]",13,14,15
1801901101,2018-08-27T21:41:49Z,"Monument TOOB Carnage!",9.6,3965,Ride,139.6,176,8.8,27.1,105.2,"[37.27,-79.94]","[37.27,-79.94]",13,14,15
1804356807,2018-08-28T21:32:25Z,"Deschutes anniversary ride ",19.4,4604,Ride,127.9,166,15.2,36.5,86.9,"[37.27,-79.94]","[37.27,-79.94]",13,14,15
1815522856,2018-09-02T18:40:45Z,"North Table Mountain ",14.2,6163,Ride,150.2,180,8.3,24.6,168.2,"[39.78,-105.19]","[39.78,-105.19]",13,14,15
1817732105,2018-09-03T19:43:53Z,"Buffalo Creek",17.4,8447,Ride,146.2,178,7.4,24.4,196.9,"[39.41,-105.35]","[39.41,-105.35]",13,14,15
1819803790,2018-09-04T19:17:25Z,"Green Mountain",14,6083,Ride,159.6,184,8.3,25.9,157.3,"[39.69,-105.15]","[39.69,-105.15]",13,14,15
1824230774,2018-09-06T19:38:24Z,"Apex Park",7.2,4266,Ride,149,178,6,21.3,130.5,"[39.72,-105.21]","[39.72,-105.21]",13,14,15
1826168101,2018-09-07T18:13:41Z,"White Ranch",11.4,7094,Ride,150.7,180,5.8,20.6,215.8,"[39.8,-105.25]","[39.8,-105.25]",13,14,15
1835644145,2018-09-11T21:28:42Z,"Cole Inman almost gets taken out by a deer with Jeff Brown.",22.3,5500,Ride,,,14.6,40.3,153,"[37.27,-79.94]","[37.27,-79.94]",13,14,15
1839972472,2018-09-13T21:14:57Z,"Road bike party 1 million ",13.8,5041,Ride,144.2,184,9.8,37.8,129.5,"[37.26,-79.95]","[37.26,-79.96]",13,14,15
1843960815,2018-09-15T19:34:53Z,"I repeat: I have no desire to ride rigid bikes.",11.3,5144,Ride,153.3,176,7.9,26.4,118,"[37.38,-80.01]","[37.38,-80.01]",13,14,15
1848772048,2018-09-17T21:36:18Z,"The greenway is slizzered  ",10.2,4227,Ride,150.8,190,8.7,29.5,100,"[37.27,-79.94]","[37.27,-79.94]",13,14,15
1851132207,2018-09-18T21:23:43Z,"The Beer Ride ",20.9,4453,Ride,156.2,188,16.9,41.6,139.6,"[37.27,-79.94]","[37.27,-79.94]",13,14,15
1856453187,2018-09-20T21:51:50Z,"Ok I‚Äôll admit, the Stache is fun on Monument",10.7,4478,Ride,146.7,185,8.6,31.8,112.2,"[37.26,-79.96]","[37.26,-79.96]",13,14,15
1857092588,2018-09-21T21:57:30Z,"Friday Hot Lap",6.1,3097,Ride,154,187,7.1,22.8,99.1,"[37.36,-79.99]","[37.36,-79.99]",13,14,15
1859052235,2018-09-22T13:33:08Z,"81 DHuro photo shoot ",15.9,10668,Ride,,,5.4,25.9,539.5,"[38.4,-78.76]","[38.4,-78.76]",13,14,15
1861429413,2018-09-23T13:39:47Z,"2nd leg of 81DHuro",6.4,4267,Ride,,,5.4,19.5,144.2,"[38.82,-78.77]","[38.82,-78.77]",13,14,15
1863724526,2018-09-24T23:12:49Z,"Beer run.",1.9,738,Ride,,,9.2,23.3,8.1,"[36.19,-86.74]","[36.19,-86.74]",13,14,15
1869934463,2018-09-27T21:10:38Z,"O yah that‚Äôs why I moved back to Roanoke",7.3,3906,Ride,163.6,180,6.8,16.6,73.2,"[36.08,-86.87]","[36.08,-86.87]",13,14,15
1873887819,2018-09-29T17:49:21Z,"Transition owners club ",8.5,7418,Ride,166.9,191,4.1,23.3,200.9,"[37.67,-79.92]","[37.67,-79.92]",13,14,15
1876778586,2018-09-30T14:12:24Z,"Snowshoe. ‚ÄúSo many Transitions here‚Äù - some dude",31.3,13994,Ride,,,8,28,1044.5,"[38.41,-80]","[38.41,-80]",13,14,15
1878488566,2018-10-01T21:17:20Z,"Mill Monday",14.6,6194,Ride,148.8,187,8.5,31.3,138.4,"[37.27,-79.94]","[37.27,-79.94]",13,14,15
1880465645,2018-10-02T21:15:34Z,"Creature enduro scouting.",9.5,5341,Ride,154.5,179,6.4,23,175.6,"[37.36,-79.99]","[37.36,-79.99]",13,14,15
1884654311,2018-10-04T21:50:48Z,"Guerrilla Gravity SQUAD",9.5,4017,Ride,124.8,181,8.5,32.2,104.1,"[37.26,-79.96]","[37.26,-79.96]",13,14,15
1886429929,2018-10-05T19:24:11Z,"Creature enduro pre ride",11.9,7785,Ride,151.5,183,5.5,22.8,223.4,"[37.36,-79.99]","[37.36,-79.99]",13,14,15
1888153715,2018-10-06T13:03:42Z,"Creatureduro 1st in beginner class 15:24 combined time",15.3,9016,Ride,144.6,194,6.1,25.1,265.2,"[37.34,-80.01]","[37.34,-80.01]",13,14,15
1890889153,2018-10-07T15:03:59Z,"Creature from Carvins Cove marshalling",16.2,6040,Ride,147.5,171,9.7,28.4,121,"[37.39,-80.01]","[37.38,-80.01]",13,14,15
1895180556,2018-10-09T21:28:12Z,"The Weeknd",12.8,5289,Ride,144.4,179,8.7,22.8,140.5,"[37.27,-79.94]","[37.27,-79.94]",13,14,15
1900823791,2018-10-12T21:12:39Z,"Pre-go fast dragons back ",6.6,4735,Ride,160.1,183,5.1,21,175.3,"[37.38,-80.16]","[37.38,-80.16]",13,14,15
1902418746,2018-10-13T14:37:37Z,"130 travel Stumpy 27.5",9.8,5097,Ride,139.6,179,6.9,26.2,98.8,"[37.25,-79.94]","[37.25,-79.94]",13,14,15
1902673882,2018-10-13T17:18:24Z,"Rocky Mountain Slayer",7,3119,Ride,150.7,182,8,25.3,88.1,"[37.25,-79.94]","[37.25,-79.94]",13,14,15
1907264112,2018-10-15T21:48:40Z,"Deschutes bloggers",9.9,4014,Ride,156.6,189,8.9,31.3,106.1,"[37.27,-79.94]","[37.27,-79.94]",13,14,15
1909324413,2018-10-16T21:31:38Z,"Beer ride diversion",10.2,3989,Ride,158.4,179,9.2,29.1,121.3,"[37.27,-79.94]","[37.27,-79.94]",13,14,15
1917176854,2018-10-20T15:26:08Z,"Bluestone Bike and Run Reddish Knob Shuttle day",27.8,11288,Ride,149.3,190,8.9,25.1,644,"[38.46,-79.24]","[38.43,-79.13]",13,14,15
1919620863,2018-10-21T18:18:24Z,"Dody Ridge ",8.6,4625,Ride,158.5,189,6.7,22.4,150,"[37.41,-79.75]","[37.41,-79.75]",13,14,15
1921676000,2018-10-22T21:56:47Z,"Short Monday nighter",10.2,4313,Ride,142.9,182,8.5,22.6,97.8,"[37.27,-79.94]","[37.27,-79.94]",13,14,15
1923721598,2018-10-23T21:43:38Z,"Last Lerotica for the year",11.7,4638,Ride,150.2,177,9.1,25.7,130.8,"[37.27,-79.94]","[37.27,-79.94]",13,14,15
1927051480,2018-10-25T13:38:52Z,"Pinkbike Dragons Back shoot",7.2,6066,Ride,142.4,176,4.3,22.6,223.1,"[37.38,-80.16]","[37.38,-80.16]",13,14,15
1927385302,2018-10-25T20:37:09Z,"The Whole Shaft",5.3,4386,Ride,161.6,182,4.3,17.4,165.8,"[37.34,-80.14]","[37.35,-80.12]",13,14,15
1946472091,2018-11-04T18:28:59Z,Ripmooooooo,12.4,6264,Ride,162.1,189,7.1,23.7,217.3,"[37.41,-79.75]","[37.41,-79.75]",13,14,15
1948386218,2018-11-05T21:42:27Z,"Matt King BRO FLOW trail scouting",8.5,3421,Ride,141.8,182,9,23.9,48.2,"[37.27,-79.94]","[37.27,-79.94]",13,14,15
1950181547,2018-11-06T21:04:04Z,GauntLIT,6.1,2863,Ride,164.1,183,7.6,22.8,99.1,"[37.36,-79.99]","[37.36,-79.99]",13,14,15
1950395980,2018-11-06T22:45:16Z,"Rockin 2 rides today! ",10.2,4646,Ride,146.6,181,7.9,32.2,114.3,"[37.27,-79.94]","[37.27,-79.94]",13,14,15
1952051761,2018-11-07T20:52:21Z,"Quick OG sesh, down Royalty ",6.4,3538,Ride,154,177,6.5,21.9,126.8,"[37.36,-79.99]","[37.36,-79.99]",13,14,15
1953780281,2018-11-08T16:49:56Z,"Getting in the spirit ü¶É",16.9,10949,Ride,155.9,230,5.6,25.3,388.3,"[37.38,-80.16]","[37.38,-80.16]",13,14,15
1957065868,2018-11-10T15:52:32Z,"Hangover prevention ",8.8,5217,Ride,154.1,178,6,22.4,221.9,"[37.36,-79.99]","[37.36,-79.99]",13,14,15
1959520910,2018-11-11T17:06:04Z,"Dody with some freeride ",18.3,9419,Ride,195.6,245,7,26.4,306.6,"[37.41,-79.75]","[37.41,-79.75]",13,14,15
1963392253,2018-11-13T22:55:41Z,"Tuesday Night Lights",10.1,4495,Ride,,,8.1,25.7,120.1,"[37.27,-79.94]","[37.27,-79.94]",13,14,15
1965154198,2018-11-14T22:08:24Z," Royalty lap to get my mind right ",5,2489,Ride,158.4,183,7.3,22.8,99.5,"[37.36,-79.99]","[37.36,-79.99]",13,14,15
1970478773,2018-11-17T17:21:38Z,"Ken and Rob are finally 21 years old",19.2,9727,Ride,151.8,185,7.1,25.7,290,"[37.44,-79.79]","[37.44,-79.79]",13,14,15
1972692725,2018-11-18T18:05:39Z,"Cove Party",9.9,5569,Ride,154.4,185,6.4,23.5,208.5,"[37.36,-79.99]","[37.36,-79.99]",13,14,15
1974534219,2018-11-19T22:50:22Z,"Ripmo faster than Kona Process and Tranny Sentinel üò≠",11.4,4602,Ride,157.2,227,9,32,127.1,"[37.27,-79.94]","[37.27,-79.94]",13,14,15
1977516939,2018-11-21T18:08:19Z,"Brosgiving pregame",4.3,2505,Ride,158.8,179,6.2,23.5,112.8,"[37.36,-79.99]","[37.36,-79.99]",13,14,15
1979606779,2018-11-22T19:36:32Z,"Trying to reach my 3K miles goal for the year",14,5363,Ride,159.7,179,9.4,26.4,125.9,"[37.38,-80.01]","[37.38,-80.01]",13,14,15
1980884757,2018-11-23T16:04:04Z,"Turkey Burner",16,7277,Ride,143.6,170,7.9,32.9,242.3,"[37.44,-79.79]","[37.44,-79.79]",13,14,15
1986930309,2018-11-26T23:00:40Z,"Star trail cock pushups",9.6,4548,Ride,150.7,221,7.6,23.3,118.3,"[37.27,-79.94]","[37.27,-79.94]",13,14,15
1991957420,2018-11-29T22:58:53Z,"Kenny Powers tow down monument ",7.7,3320,Ride,151.1,190,8.3,30.4,106.1,"[37.27,-79.94]","[37.27,-79.94]",13,14,15
1993404101,2018-11-30T21:25:05Z,"Spec Dody: CLEAR",15.9,7516,Ride,155.4,228,7.6,26.2,260,"[37.42,-79.76]","[37.42,-79.76]",13,14,15
1997295872,2018-12-02T22:12:03Z,"Dody at Dusk",7.9,3710,Ride,164,236,7.6,24.2,133.2,"[37.42,-79.76]","[37.42,-79.76]",13,14,15
1998894628,2018-12-03T22:53:51Z,"Monday night half pool",8.6,3573,Ride,150.1,189,8.6,29.3,97.8,"[37.26,-79.94]","[37.27,-79.94]",13,14,15
2002039511,2018-12-05T18:24:26Z,"8 Miles closer to 3K ",7.8,3756,Ride,160,183,7.5,22.8,127.7,"[37.36,-79.99]","[37.36,-79.99]",13,14,15
2005427819,2018-12-07T20:57:20Z,"Irby Buck DH üçí pop",8.5,4526,Ride,158.8,184,6.7,22.8,174.3,"[37.36,-79.99]","[37.36,-79.99]",13,14,15
2007128886,2018-12-08T18:16:56Z,"OG Hump Parti",9.5,5656,Ride,149.2,194,6.1,24.4,211.5,"[37.36,-79.99]","[37.36,-79.99]",13,14,15
2014361649,2018-12-12T22:07:19Z,"83 miles to go. ",15,3254,Ride,151.5,169,16.6,21,0,,,13,14,15
2020435969,2018-12-16T15:20:41Z,"Cabin fever Dody",8.7,4617,Ride,158.6,184,6.8,24.6,154.8,"[37.41,-79.75]","[37.41,-79.75]",13,14,15
2022494321,2018-12-17T22:19:35Z,"67 miles to go.",7.2,3188,Ride,158.2,194,8.1,22.6,118.9,"[37.36,-79.99]","[37.36,-79.99]",13,14,15
2024268181,2018-12-18T22:54:43Z,"Taco Tuesday Night Lights ",9.6,4233,Ride,149.8,186,8.2,28.4,128.6,"[37.27,-79.94]","[37.27,-79.94]",13,14,15
2025844289,2018-12-19T22:31:29Z,"Dody after dark",7.8,3584,Ride,161,208,7.9,25.5,136.9,"[37.42,-79.76]","[37.42,-79.76]",13,14,15
2027351904,2018-12-20T22:10:40Z,"34 miles left",15.1,3173,Ride,156.1,174,17.2,22.4,0,,,13,14,15
2030241530,2018-12-22T17:21:48Z,"OG Christmas üéÖüèø ",9.3,6108,Ride,154.2,183,5.5,26.2,195.4,"[37.36,-79.99]","[37.36,-79.99]",13,14,15
2036970360,2018-12-26T16:48:59Z,"Breaking in dads new Bell Super DH",8.7,4942,Ride,151.9,184,6.3,26.4,156.4,"[37.36,-79.99]","[37.36,-79.99]",13,14,15
2038785610,2018-12-27T16:49:57Z,"Exploring O Hill",7.5,4885,Ride,141.7,180,5.5,25.3,146.3,"[38.03,-78.52]","[38.03,-78.52]",13,14,15
2043098733,2018-12-29T21:27:42Z,"1st time Dody drop for the 3K miles this year.",9.1,4180,Ride,169.9,247,7.8,25.1,155.4,"[37.42,-79.76]","[37.42,-79.76]",13,14,15
2053740791,2019-01-03T21:09:08Z,"Go to Pinkbike and read Local Flavors",4.6,2550,Ride,160.3,184,6.5,24.8,110.6,"[37.36,-79.99]","[37.36,-79.99]",13,14,15
2058346415,2019-01-05T22:02:12Z,"Soupy Gauntlet lap",6.1,2843,Ride,156.8,186,7.7,25.3,100.9,"[37.36,-79.99]","[37.36,-79.99]",13,14,15
2060766027,2019-01-06T16:14:06Z,"Cull‚Äôs Longdale Furnace",15.3,8211,Ride,146.6,197,6.7,26.6,245.1,"[37.8,-79.71]","[37.8,-79.71]",13,14,15
2065587186,2019-01-08T23:21:01Z,"I owe Mike a beer for a 3:12 monument üò± ",8.3,3206,Ride,162.5,187,9.3,29.1,95.4,"[37.25,-79.94]","[37.27,-79.94]",13,14,15
2076757110,2019-01-13T16:00:39Z,Gravelocity,22,10781,Ride,152.1,185,7.3,26.6,216.1,"[37.43,-79.77]","[37.43,-79.77]",13,14,15
2087332351,2019-01-18T17:24:32Z,"Government Shutdown",7.4,3394,Ride,164.8,179,7.8,27.3,102.4,"[37.24,-79.94]","[37.24,-79.94]",13,14,15
2100690973,2019-01-24T17:49:23Z,"Headwind down Monument ",6.7,3279,Ride,162.4,229,7.3,24.4,118,"[37.24,-79.94]","[37.24,-79.94]",13,14,15
2105393587,2019-01-26T20:07:49Z,"Royal Gauntlet ",9.6,5402,Ride,160.3,187,6.4,24.6,187.8,"[37.36,-79.99]","[37.36,-79.99]",13,14,15
2107919236,2019-01-27T16:48:42Z,"üêºpaws Shittle",50,11277,Ride,122.6,203,16,64.9,591,"[37.27,-80.46]","[37.25,-80.46]",13,14,15
2120013766,2019-02-02T18:58:30Z,"Rocky Top ",3.8,4286,Ride,142.2,175,3.2,29.3,126.2,"[37.32,-80.11]","[37.32,-80.11]",13,14,15
2122651447,2019-02-03T16:14:37Z,"Lambo Arcadia",20.4,11439,Ride,144.6,178,6.4,22.6,344.7,"[37.54,-79.58]","[37.54,-79.58]",13,14,15
2124636501,2019-02-04T21:27:44Z,"Dody with Devin",7.9,4091,Ride,148.4,184,7,24.4,134.4,"[37.41,-79.75]","[37.41,-79.75]",13,14,15
2127135059,2019-02-05T21:58:51Z,"Taco Tuesday Night Lights ",16.5,6268,Ride,155.9,191,9.5,33.3,156.7,"[37.26,-79.99]","[37.27,-79.94]",13,14,15
2135247848,2019-02-09T18:44:06Z,"You still have to pedal to make it go.",10.4,4399,EBikeRide,158.1,184,8.5,27.5,295.3,"[37.38,-80.15]","[37.38,-80.16]",13,14,15
2143999735,2019-02-13T18:07:21Z,"Hour of power",6.1,2959,Ride,167.2,184,7.4,27.7,117.3,"[37.24,-79.94]","[37.24,-79.94]",13,14,15
2149551539,2019-02-14T21:36:55Z,"V Day ",5.1,2469,Ride,160,188,7.4,29.3,97.8,"[37.36,-79.99]","[37.36,-79.99]",13,14,15
2158995297,2019-02-18T22:09:53Z,"Stole one before the glorious weather",5.9,2862,Ride,165.2,244,7.4,25.7,97.2,"[37.24,-79.94]","[37.24,-79.94]",13,14,15
2160976879,2019-02-19T19:01:32Z,"The calm before the storm",6.5,3070,Ride,164.4,183,7.6,27.7,114.6,"[37.24,-79.94]","[37.24,-79.94]",13,14,15
2173476945,2019-02-24T17:17:52Z,"Catawba Valley Hurricane",12.2,10257,Ride,151.9,182,4.3,22.1,337.1,"[37.46,-80.02]","[37.46,-80.02]",13,14,15
2178190002,2019-02-26T21:43:32Z,"Taco Esplorin",16.3,7523,Ride,159.9,190,7.8,30.2,236.8,"[37.27,-79.94]","[37.27,-79.94]",13,14,15
2187137397,2019-03-02T22:45:28Z,"Dody at Dusk",7.9,3768,Ride,154.5,185,7.5,26.8,136.9,"[37.42,-79.76]","[37.42,-79.76]",13,14,15
2202335392,2019-03-09T19:03:48Z,"Hangover Prevention ",6,3067,Ride,158.7,182,7.1,24.8,106.1,"[37.36,-79.99]","[37.36,-79.99]",13,14,15
2205040284,2019-03-10T16:51:14Z,"Dragons out and back",7.5,5773,Ride,147.6,174,4.7,20.8,182.9,"[37.46,-80.02]","[37.46,-80.02]",13,14,15
2209499069,2019-03-12T21:02:11Z,"A wild Yukon and Brandon sighting",8,4118,Ride,148.8,221,7,26.2,132.3,"[37.24,-79.94]","[37.24,-79.94]",13,14,15
2211588541,2019-03-13T20:21:46Z,"Tacky (loamy? üòõ) mill",7.8,3638,Ride,156.6,240,7.7,29.3,128,"[37.24,-79.94]","[37.24,-79.94]",13,14,15
2225037883,2019-03-19T17:15:58Z,"Morningside Park",7.1,3350,Ride,161.4,206,7.6,26.4,100.3,"[37.24,-79.94]","[37.24,-79.94]",13,14,15
2228127084,2019-03-20T21:20:29Z,"Royalty sesh with the Teer‚Äôs and Chris",3.9,2214,Ride,153.5,185,6.4,25.5,89.6,"[37.36,-79.99]","[37.36,-79.99]",13,14,15
2232663480,2019-03-22T20:25:38Z,"Rip Max",7.4,4364,Ride,149.9,184,6.1,24.6,170.4,"[37.36,-79.99]","[37.36,-79.99]",13,14,15
2237891216,2019-03-24T15:45:41Z,"DB Quickie",6.6,4440,Ride,162.9,194,5.3,23.7,174.7,"[37.38,-80.15]","[37.38,-80.15]",13,14,15
2239892686,2019-03-25T15:46:56Z,"Windrock on the way to the home office",5.6,1448,Ride,144.5,182,14,30.4,118.6,"[36.09,-84.34]","[36.09,-84.33]",13,14,15
2245872024,2019-03-27T23:07:27Z,"Nashville has progressive trails and Roanoke should too",8,3777,Ride,165.6,192,7.6,21.5,83.8,"[36.08,-86.87]","[36.08,-86.87]",13,14,15
2257840640,2019-04-01T17:15:01Z,"Monday Mornings",3.9,2327,Ride,,,6,21.9,41.8,"[37.26,-79.92]","[37.26,-79.92]",13,14,15
2260908313,2019-04-02T22:04:52Z,"Last ride on ye ole DPX2 ",5.7,3102,Ride,152.5,210,6.7,27.7,136.2,"[37.36,-79.99]","[37.36,-79.99]",13,14,15
2263253801,2019-04-03T21:33:18Z,"Cane Crick",7.9,3734,Ride,157.8,221,7.6,25.9,131.7,"[37.42,-79.76]","[37.42,-79.76]",13,14,15
2265653699,2019-04-04T21:47:11Z,"I‚Äôm coming for you on Monument Bheuring üòâ",12.6,5097,Ride,151.4,190,8.9,30,123.1,"[37.26,-79.96]","[37.26,-79.96]",13,14,15
2274499782,2019-04-08T12:17:34Z,"Learning 2 whip",3.8,2268,Ride,,,6,23,34.7,"[37.26,-79.92]","[37.26,-79.92]",13,14,15
2278216225,2019-04-09T20:30:06Z,"Morningside Elementary meeting at 5 on Thursday ",8.5,3968,Ride,144.9,185,7.7,27.7,80.2,"[37.24,-79.94]","[37.26,-79.92]",13,14,15
2283115316,2019-04-11T21:15:43Z,"Thursday Night Special with the Rocky Mountain crew",11.9,4321,Ride,149.4,217,9.9,30.6,106.7,"[37.26,-79.99]","[37.26,-79.94]",13,14,15
2286715186,2019-04-13T13:25:25Z,"Pivot Firebird 29",3.7,2225,Ride,150.5,186,6,25.1,77.4,"[37.36,-79.99]","[37.36,-79.99]",13,14,15
2287029313,2019-04-13T14:30:56Z,"Pivot 429 Trail",3.7,2019,Ride,150.3,176,6.6,21.9,40.5,"[37.36,-79.99]","[37.36,-79.99]",13,14,15
2295342759,2019-04-16T21:36:59Z,"RockStars Spotted!",6.6,3173,Ride,161.6,185,7.5,25.3,121.9,"[37.36,-79.99]","[37.36,-79.99]",13,14,15
2300552183,2019-04-18T21:47:20Z,"Adrian is Boba Fett",12.3,5193,Ride,148.7,186,8.5,49.2,119.5,"[37.26,-79.96]","[37.26,-79.96]",13,14,15
2305627587,2019-04-20T14:54:49Z,Nutted,16.9,11577,Ride,,,5.2,24.6,556.6,"[38.4,-78.76]","[38.4,-78.76]",13,14,15
2314041289,2019-04-23T21:47:43Z,"Anna and Trin came along",6.2,3621,Ride,152.6,192,6.2,27.5,102.4,"[37.36,-79.99]","[37.36,-79.99]",13,14,15
2316554902,2019-04-24T21:22:44Z,"Dody Diversion.",8.1,4041,Ride,155.5,185,7.2,28.4,133.2,"[37.41,-79.75]","[37.41,-79.75]",13,14,15
2319207831,2019-04-25T20:57:31Z,"Morningside Park ribbon cutting",4,1996,Ride,143,177,7.2,22.6,44.8,"[37.26,-79.92]","[37.26,-79.92]",13,14,15
2322828695,2019-04-27T12:03:02Z,"Virginia‚Äôs Blue Ridge sweepstakes guide",9.4,5009,Ride,134.1,179,6.7,21.7,100.9,"[37.38,-80.01]","[37.38,-80.01]",13,14,15
2331769926,2019-04-30T21:11:42Z,Recon,6.8,4416,Ride,151,180,5.6,28.6,115.5,"[37.24,-79.94]","[37.24,-79.94]",13,14,15
2345262529,2019-05-04T16:53:48Z,"Marking Mountain Momma ",6.6,3584,Ride,157.6,185,6.6,28.9,118.3,"[37.96,-79.79]","[37.96,-79.79]",13,14,15
2345265112,2019-05-05T13:12:14Z,"Middle Mountain Momma photo especiale",8.7,5910,Ride,,,5.3,25.5,181.2,"[37.9,-79.81]","[37.9,-79.81]",13,14,15
2350170405,2019-05-07T21:07:30Z,"Should be legit.",8.6,3945,Ride,,,7.9,34.7,95.2,"[37.25,-79.95]","[37.25,-79.95]",13,14,15
2352637048,2019-05-08T21:21:38Z,"Buehring owes me a beer",8.7,3763,Ride,,,8.3,35.1,111.9,"[37.25,-79.92]","[37.25,-79.92]",13,14,15
2355155812,2019-05-09T21:41:48Z,"Thursday Night Special Hoodlums",10.4,4428,Ride,,,8.4,36.7,103.7,"[37.26,-79.96]","[37.26,-79.96]",13,14,15
2365430617,2019-05-13T21:08:01Z,"In the back",7.7,3699,Ride,158,240,7.4,30.4,128,"[37.24,-79.94]","[37.24,-79.94]",13,14,15
2373665186,2019-05-16T21:48:43Z,"Oh Hai",9.1,3523,Ride,144,180,9.3,30.4,95.1,"[37.26,-79.96]","[37.26,-79.96]",13,14,15
2375860838,2019-05-17T21:30:48Z,"Dody to the right is the gnarliest thing in town. There, I said it.",15.9,8208,Ride,,,7,31.5,274.7,"[37.42,-79.76]","[37.42,-79.76]",13,14,15
2418682319,2019-06-02T17:20:03Z,"Father and son day at the cove ",9.2,4936,Ride,,,6.7,30.4,107.2,"[37.38,-80.01]","[37.38,-80.01]",13,14,15
2424160021,2019-06-04T21:50:44Z,"Wow I suk at flats now.",6.6,3155,Ride,,,7.5,34,120.7,"[37.24,-79.94]","[37.24,-79.94]",13,14,15
2425960074,2019-06-05T15:56:54Z,"VBR channel 10 feature video shoot",2.8,1625,Ride,,,6.3,30.2,10.1,"[37.25,-79.93]","[37.24,-79.94]",13,14,15
2460839209,2019-06-18T17:02:18Z,"Bonnaroocovery ",6.1,3176,Ride,,,6.9,39.1,102.6,"[37.24,-79.94]","[37.24,-79.94]",13,14,15
2469330188,2019-06-21T20:19:14Z,"Follow @blueridgeoffroadcyclists",12.3,5207,Ride,,,8.5,25.3,122.7,"[37.26,-79.99]","[37.26,-79.92]",13,14,15
2475483224,2019-06-23T19:43:23Z,"Timberview party",9.9,5462,Ride,,,6.5,47.9,187.2,"[37.36,-79.99]","[37.36,-79.99]",13,14,15
2483319083,2019-06-26T20:37:20Z,"My truck needs a master and slave cylinder but it‚Äôs 2019 so it should need a leader and follower cylinder. ",11.7,4540,Ride,,,9.3,39.6,123.8,"[37.26,-79.99]","[37.27,-79.94]",13,14,15
2486067241,2019-06-27T21:45:43Z,RipBros,9.8,4452,Ride,,,7.9,30.6,107.2,"[37.26,-79.96]","[37.26,-79.96]",13,14,15
2499296048,2019-07-02T21:07:05Z,"Dody to the Right ‚ù§Ô∏è",8.1,4472,Ride,,,6.5,25.1,136.2,"[37.41,-79.75]","[37.41,-79.75]",13,14,15
2504677127,2019-07-04T15:51:50Z,"Mineshaft. Hammin. Freedom.ü¶Ö ",17.7,10837,Ride,,,5.9,28.4,329.6,"[37.51,-79.67]","[37.51,-79.67]",13,14,15
2509970462,2019-07-06T17:42:13Z,"üêâ üî• ",7.8,5931,Ride,,,4.7,25.9,173.9,"[37.38,-80.16]","[37.38,-80.16]",13,14,15
2513261267,2019-07-07T19:31:07Z,"Sunday ride with Dad. Accidentally paused ",6.6,3004,Ride,,,7.9,26.4,52.7,"[37.42,-79.76]","[37.44,-79.77]",13,14,15
2518916912,2019-07-09T21:06:09Z,"Mill Mt Advisory Board meeting tomorrow at 4 at the Discovery Center ",9.1,4312,Ride,,,7.6,32.9,122.5,"[37.24,-79.94]","[37.24,-79.94]",13,14,15
2524517344,2019-07-11T21:29:25Z,"Thirsty Thursday ",12.1,4723,Ride,,,9.2,30.2,103.8,"[37.26,-79.99]","[37.26,-79.96]",13,14,15
2543652866,2019-07-17T22:07:51Z,"Shredford Sessions ",6.4,4857,Ride,,,4.7,24.6,103.3,"[37.31,-79.5]","[37.31,-79.5]",13,14,15
2544154042,2019-07-18T21:40:34Z,"Cane Creek Carnage ",10.1,4331,Ride,,,8.4,32.9,111.9,"[37.26,-79.96]","[37.26,-79.96]",13,14,15
2552002827,2019-07-21T16:45:34Z,"Blacksburg Bike Park work day + an Old Farm lap",6.8,5083,Ride,,,4.8,25.1,122.3,"[37.24,-80.46]","[37.24,-80.46]",13,14,15
2560528772,2019-07-24T21:31:34Z,"Deschutes Friday at 5.",4.9,2700,Ride,,,6.6,29.3,108.6,"[37.36,-79.99]","[37.36,-79.99]",13,14,15
2568343071,2019-07-27T16:34:22Z,"Snowshoe with dad",24.9,11116,Ride,,,8.1,31.1,672.2,"[38.41,-80]","[38.41,-80]",13,14,15
2571721441,2019-07-28T15:10:20Z,"Tea Creek, Slaytyfork WV",14.6,8442,Ride,,,6.2,26.2,143.4,"[38.39,-80.16]","[38.39,-80.16]",13,14,15
